id,source,hypothesis,reference,bleu,rouge1,rouge2,rougeL,bertscore_f1
0,"München 1856: Vier Karten, die Ihren Blick auf die Stadt verändern",Munich 1856: Four maps that change your view of the city,Munich 1856: Four maps that will change your view of the city,76.7733,0.9565,0.8571,0.9565,0.9948
1,"Eine Irren-Anstalt, wo sich heute Jugendliche begegnen sollen.",It's a lunatic event where young people are supposed to meet today.,"A mental asylum, where today young people are said to meet.",16.2617,0.6667,0.2727,0.5833,0.92
2,"Eine Gruftkapelle, wo nun für den S-Bahn-Tunnel gegraben wird.",A tomb chapel where the S-Bahn tunnel is now dug.,"A crypt chapel, where they are now digging tunnels for the S-Bahn.",7.8051,0.6667,0.2727,0.5,0.9592
3,Kleingärtner bewirtschaften den einstigen Grund von Bauern.,Small gardeners manage the former land of farmers.,Allotment holders cultivate the soil of former farmers.,11.9901,0.5,0.0,0.375,0.9219
4,Die älteste offizielle Karte Münchens fördert spannende Geschichten zu Tage.,The oldest official map of Munich reveals exciting stories.,The oldest official map of Munich brings captivating stories to light.,45.4824,0.7,0.5556,0.7,0.9756
5,"Es nervt, wenn Landkarten nicht aktuell sind.",It's annoying if maps aren't up-to-date.,It is annoying when geographical maps are not up-to-date.,10.1753,0.5714,0.2105,0.5714,0.9782
6,"Das kennt jeder, der sich schon mal aufregen musste, weil das Auto-Navi statt einer Umgehungsstraße eine grüne Wiese anzeigte.","Everyone knows this, who had to get upset, because the Auto-Navi indicated a green meadow instead of a bypass road.",Anyone who has ever got worked up because the car's sat-nav is showing a green field instead of a bypass knows that.,15.0834,0.4444,0.2326,0.4,0.9011
7,"Die historischen Landkarten des digitalen Bayern-Atlases, ein Angebot des Geoportals Bayern der Staatsregierung, sind alles andere als aktuell - doch gerade deshalb sehr aufschlussreich.","The historical maps of the digital Bayern atlas, an offer of the geoportal Bavaria of the state government, are far from up-to-date - but this is precisely why very informative.","The historical maps of the digital BayernAtlas, an offering from the State Government's Geoportal Bayern, are anything but up-to-date – and yet it is precisely for this reason that they are so informative.",19.774,0.697,0.3438,0.5455,0.9251
8,Besonders wenn man sie mit aktuellen Online-Karten vergleicht.,Especially if you compare them to current online cards.,Especially when one compares them with current online maps.,10.5527,0.5556,0.25,0.5556,0.9608
9,"Dann wird deutlich, wie sich Städte und Gemeinden im Verbreitungsgebiet des Münchner Merkur seit dem 19. Jahrhundert verändert haben.",Then it becomes clear how cities and communities in the distribution area of Munich Mercury have changed since the 19th century.,Then it becomes clear how the towns and municipalities in the distribution area of Munich's Merkur newspaper have changed since the 19th century.,54.4356,0.8,0.6512,0.8,0.9411
10,"Der digitale Bayern-Atlas ist ein Flickenteppich, den man als solchen nicht gleich erkennt.",The digital Bayern atlas is a patchwork carpet that is not recognized as such.,The digital BayernAtlas is a patchwork quilt that one doesn't quite recognise for what it is at first.,10.5961,0.4242,0.1935,0.4242,0.9119
11,"In die große Übersichtskarte wurden für Städte und Gemeinden detailliertere Karten, sogenannte Urpositionsblätter, eingearbeitet.","More detailed maps, so-called Urposition sheets, were incorporated into the large overview map for cities and municipalities.","Within the large overview map, were worked in detailed maps for towns and municipalities, so-called original-lay-of-the-land sheets.",20.6148,0.65,0.3684,0.35,0.9203
12,Diese entstanden nach Angaben der Bayerischen Vermessungsverwaltung zwischen 1810 und 1864 und entspringen der ersten Vermessung Bayerns.,"According to the Bavarian survey administration, these were created between 1810 and 1864 and originate from the first survey of Bavaria.","According to information from the Bavarian Surveying and Mapping Authority, these came into being between 1810 and 1864 and arise out of the first survey of Bavaria.",34.1332,0.7083,0.5217,0.6667,0.9615
13,Ihr Auftraggeber: Napoleon.,Your client: Napoleon.,Their commissioner: Napoleon.,39.7635,0.3333,0.0,0.3333,0.9276
14,Der französische Heeresführer besetzte Bayern seit dem Frühjahr 1800 während des Zweiten Koalitionskrieges mit Österreich.,The French army leader occupied Bavaria with Austria since the spring of 1800 during the Second Coalition War.,"The French army commander had occupied Bavaria since the spring in 1800, during the War of the Second Coalition with Austria.",18.3157,0.8718,0.5405,0.6667,0.96
15,Napoleon wünschte sich einen Überblick über das besetzte Land und gab eine topographische Aufnahme Bayerns in Auftrag - natürlich zu militärischen Zwecken.,Napoleon wanted an overview of the occupied country and commissioned a topographical photograph of Bavaria - of course for military purposes.,Napoleon wanted to gain an overview of the occupied land and commissioned a topographical survey – naturally for military purposes.,40.2767,0.7179,0.5405,0.7179,0.9555
16,"Auch wenn die französischen Truppen mit dem Frieden von Lunéville vom 9. Februar 1801 schließlich abzogen: Es waren die heutigen Nachbarn, die die Idee einer flächendeckenden Bayern-Karte kreierten.",Even if the French troops finally withdrew with the peace of Lunéville on 9 February 1801: It was the present-day neighbours who created the idea of a comprehensive Bavaria map.,Even if the French troops finally retreated with the Treaty of Lunéville from 9th February 1801: it was the current neighbours who had the idea to create a comprehensive map of Bavaria.,25.7539,0.8,0.4762,0.7077,0.9702
17,"Kurfürst Max IV. Joseph trieb das Projekt weiter voran, gründete das ""Topographische Bureau"" - und damit die Bayerische Vermessungsverwaltung.","Elector Max IV. Joseph continued to advance the project, founded the ""Topographic Bureau"" - and thus the Bavarian Surveying Administration.","Elector Max IV. Joseph propelled the project further forward, founding the ""Topographical Bureau"" – and with that, the Bavarian Surveying and Mapping Authority.",21.4725,0.6829,0.5128,0.6829,0.9586
18,Das Urpositionsblatt für München stammt aus dem Jahr 1856 und ist wie sämtliche andere auf der Internetseite der Bayerischen Landesbibliothek zu finden.,"The Urpositionsblatt for Munich dates back to 1856 and is, like all others, available on the website of the Bayerische Landesbibliothek.","The original lay-of-the-land sheet for Munich originates from 1856 and, like all the others, can be found on the website of the Bavarian State Library.",21.945,0.5306,0.2979,0.5306,0.9138
19,Der Vergleich Früher/Heute ist am Beispiel der Landeshauptstadt am eindrücklichsten.,The comparison earlier/today is most impressive with the example of the state capital.,The comparison of past/present is most impressive taking the example of the state capital.,47.3026,0.7586,0.5926,0.7586,0.9611
20,Die Stadt hat sich in alle Richtungen ausgedehnt und ist zusammengewachsen.,The city has expanded in all directions and has grown together.,The city has stretched out in all directions and coalesced.,31.7023,0.6667,0.5263,0.6667,0.9531
21,"Ein Beispiel dafür ist Untersendling, das in der Karte von 1856 noch relativ isoliert auftaucht.","An example of this is Untersendling, which appears in the map of 1856 still relatively isolated.","An example of this is Untersendling, which still appears relatively isolated on the map from 1856.",49.2479,0.875,0.5333,0.6875,0.9787
22,"Sendling wurde 21 Jahre nach Erstellung der Karte, also 1877, als Münchner Stadtteil eingemeindet.","Sendling was incorporated as a Munich district 21 years after the map was created, in 1877.",Sendling was incorporated as an urban district of Munich 21 years after the map was created.,49.5024,0.8125,0.6,0.75,0.9584
23,Heute liegt Untersendling mitten in der Stadt.,"Today, Untersendling lies in the middle of the city.","Today, Untersendling lies in the middle of the city.",100.0,1.0,1.0,1.0,1.0
24,"Die Häuser Untersendlings konzentrieren sich um 1856 entlang der heutigen Plinganserstraße, die erst 1878 nach Georg Sebastian Plinganser benannt wurde, einem Anführer des Aufstands der bayerischen Bauern gegen Österreich 1705.","The houses of Untersendling concentrate around 1856 along today's Plinganserstraße, which was named after Georg Sebastian Plinganser in 1878, a leader of the uprising of the Bavarian farmers against Austria in 1705.","Around 1856, Untersendling's houses are concentrated along what is today Plinganserstraße, which was first named in 1878 after Georg Sebastian Plinganser, a ringleader of the Bavarian farmers' revolt against Austria in 1705.",29.5571,0.8235,0.4242,0.6471,0.9648
25,"Wo heute der Westpark ist, sieht man nichts als Felder - auf den ersten Blick: Beim Hineinzoomen erscheint eine kleinteiligere Karte mit dutzenden Linien und Zahlen: handschriftlich nummerierte Flurstücke aus der sogenannten ""Uraufnahme"", aus der die Grundsteuer abgeleitet wurde.","Where the Westpark is today, you can see nothing but fields - at first glance: When zooming in, a smaller-piece map with dozens of lines and numbers appears: hand-numbered corridor pieces from the so-called ""uptake"" from which the property tax was derived.","Where the West Park is today, one sees nothing but field – at first sight: upon zooming in, a more detailed small-scale map with dozens of lines and numbers appears: hand-numbered plots from the so-called ""original record"", from which the property tax was derived.",44.9727,0.7556,0.6136,0.7556,0.9519
26,"Kleine Parzellen belegen dort heute keine Landwirte mehr - sondern Kleingärtner der Anlage ""Land in Sonne"".","Small plots do not occupy farmers there anymore - but small gardeners of the plant ""Land in Sonne"".","Today, it is no longer farmers who occupy small parcels there – rather, it is allotment holders of the ""Land in Sonne"" facility.",16.0322,0.4615,0.1622,0.359,0.9164
27,Eine große Grünfläche zeichnet sich nördlich von Untersendling ab.,A large green area is visible north of Untersendling.,A large green area is apparent to the north of Untersendling.,53.8755,0.8,0.6667,0.8,0.9863
28,"Die Theresienwiese, seit 1810 Schauplatz des Oktoberfests, war im 19. Jahrhundert tatsächlich noch eine Wiese - und keine Betonwüste.","The Theresienwiese, the venue of the Oktoberfest since 1810, was in fact still a meadow in the 19th century - and not a concrete desert.","Theresienwiese, since 1810 the scene of Oktoberfest, was in the 19th century still actually a ""Wiese"" – a meadow – and not a concrete wasteland.",24.3794,0.766,0.4,0.5532,0.9538
29,Auf der anderen Seite der Isar gibt die historische Karte einen Einblick in die Geschichte der psychiatrischen Medizin.,"On the other side of the Isar, the historical map gives an insight into the history of psychiatric medicine.","On the other side of the Isar, the historical map gives an insight into the history of psychiatric medicine.",100.0,1.0,1.0,1.0,1.0
30,"Im Urpositionsblatt liest man im Gebiet des heutigen Bezirks Au-Haidhausen nicht nur den Straßennamen ""am Gasteig"" oder von der Anhöhe ""Auf der Lüften"" - sondern auch in großen Buchstaben ""Irren Anstalt"".","In the Urpositionsblatt one reads in the area of today's district Au-Haidhausen not only the street name ""am Gasteig"" or from the hill ""Auf der Lüften"" - but also in large letters ""Irren Anstalt"".","In the original lay-of-the-land sheet, in the area where today the borough of Au-Haidhausen is, one can make out not only the street name ""am Gasteig"" or the elevation ""Auf der Lüften"" – but can actually read in large letters ""mental asylum"".",34.0629,0.6829,0.45,0.6098,0.9229
31,"Ja, hier an der Auerfeldstraße sperrte man einst Menschen mit Wahnvorstellungen ein.","Yes, here on Auerfeldstraße people were once imprisoned with delusions.","Yes, here on Auerfeldstraße, they once imprisoned people with delusions.",43.9036,0.9091,0.6,0.8182,0.9795
32,"Dort war 1858/59 die Münchner Kreis-Irrenanstalt ""Auf der Auer Lüften"" entstanden.","In 1858/59 the Munich Kreis-Irrenanstalt ""Auf der Auer Lüften"" was created.","The Munich district mental asylum ""Auf der Auer Lüften"" had come to life there in 1858/59.",29.5024,0.625,0.4667,0.4375,0.921
33,"Ab 1872 leitete Dr. Bernhard von Gudden die Einrichtung - jener Psychiater, der in Zusammenhang mit dem Tod von König Ludwigs II. gebracht wird.",From 1872 Dr. Bernhard von Gudden headed the institution - that psychiatrist who is brought in connection with the death of King Louis II.,"From 1872, Dr. Bernhard von Gudden led the institution – the psychiatrist who is associated with the death of King Ludwig II.",37.2607,0.7727,0.5714,0.7727,0.9668
34,"""Er war fortschrittlich für seine Zeit und beendete zum Beispiel das Anketten der sogenannten Irren.","""He was progressive for his time and ended, for example, the chaining of the so-called madmen.","""He was progressive for his time and ended, for example, the practice of chaining up the so-called mad men.",63.8033,0.8649,0.6857,0.8108,0.9838
35,"Außerdem hat er dem Personal untersagt, Gewalt gegen die Insassen anzuwenden"", sagt Hermann Wilhelm, Leiter des Museums Haidhausen, der sich für eine Ausstellung mit der Anstalt beschäftigt hat.","He also prohibited staff from using violence against the inmates,"" says Hermann Wilhelm, head of the Haidhausen Museum, who worked with the institute for an exhibition.","What is more, he forbade the staff from using violence against the inmates,"" says Hermann Wilhelm, leader of the Haidhausen Museum, which has been busying itself for an exhibition with the establishment.",45.8124,0.6897,0.5357,0.6207,0.948
36,"Für 280 Patienten war zunächst Platz gewesen, später wurde auf 500 Plätze erweitert.","For 280 patients there was first place, later it was extended to 500 places.",Originally there was place for 280 patients; later this was expanded to 500 places.,22.4015,0.7857,0.3846,0.5714,0.9438
37,Irgendwann reichte auch diese Kapazität nicht mehr aus - der Grund für den Bau der Kreisirrenanstalt in Haar 1905.,At some point this capacity was no longer sufficient - the reason for the construction of the Kreisirrenanstalt in Haar 1905.,At some point even this capacity was no longer enough – the reason why the district mental asylum in Haar was constructed in 1905.,24.4359,0.6977,0.3902,0.6512,0.9272
38,"Dort befindet sich seit 2006 das Isar-Amper-Klinikum München-Ost, eine der größten Psychiatrien Deutschlands.","Since 2006, the Isar-Amper-Klinikum München-Ost, one of the largest psychiatry hospitals in Germany, has been located there.","The Isar Amper Clinic, East Munich, has been located there since 2006, one of the largest psychiatric units in Germany.",34.4917,0.7317,0.5128,0.439,0.9318
39,Auf dem Areal der ehemaligen Auer Anstalt begegnen sich nun Jugendliche im Münchner Salesianum.,"On the site of the former Auer Anstalt, young people now meet in the Munich Salesianum.","On the plot of the former Auer institution, young people now meet in the Munich Salesianum.",68.993,0.875,0.7333,0.875,0.9617
40,Der Orden erwarb den Gebäudekomplex 1920 und wandelte ihn in ein Jugendheim mit Ausbildungsbetrieben um.,The Order acquired the building complex in 1920 and converted it into a youth home with training companies.,The order acquired the building complex in 1920 and converted it into a youth centre with training programmes.,65.6504,0.8889,0.8235,0.8889,0.9761
41,"Westlich liegt der Fußballplatz des TSV München Ost, östlich Wohnhäuser aus den 1980er Jahren.","West lies the football field of the TSV München Ost, east residential buildings from the 1980s.","To the west lies the football pitch of TSV München Ost, and to the east, residential houses from the 1980s.",27.0816,0.7895,0.5,0.7368,0.9622
42,"2015 errichtete man das Kinder-Haus ""Casa Don Bosco"" - in architektonischer Anlehnung an den Ursprungsbau der Irrenanstalt, der im Zweiten Weltkrieg bei Bombenangriffen zerstört worden war.","In 2015, the children's house ""Casa Don Bosco"" was built, based on the original construction of the asylum, which had been destroyed during bombings during the Second World War.","In 2015, the ""Casa Don Bosco"" nursery was built – in the architectural style of the original mental asylum building, which had been destroyed in the Second World War in bomb attacks.",35.9976,0.7213,0.4407,0.6557,0.9503
43,"Der Marienplatz war um 1856 als ""Haupt Platz"" verzeichnet, die Kaufingerstraße hieß ""Kaufinger Gasse"".","Marienplatz was listed as ""Haupt Platz"" around 1856, the Kaufingerstraße was called ""Kaufinger Gasse"".","Marienplatz was recorded as the ""main square"" in around 1856, and Kaufingerstraße was called ""Kaufinger Gasse"".",43.0352,0.75,0.4667,0.6875,0.961
44,Eine entscheidende Veränderung brachte der Zweite Weltkrieg auch im Herzen Münchens.,The Second World War brought a decisive change also in the heart of Munich.,The Second World War also brought a decisive change to the heart of Munich.,58.8147,0.9286,0.6923,0.8571,0.9899
45,Die Bomben der Alliierten rissen im Dezember 1944 viele Löcher in die Innenstadt.,The Allies bombed many holes in the city centre in December 1944.,The bombs of the Allies tore many holes in the city centre in December 1944.,61.1719,0.8889,0.72,0.8148,0.9699
46,Ein großes blieb bis heute - am Marienhof.,A large one remained to this day - at Marienhof.,One big one remains up to this day – at the Marienhof.,15.9094,0.7,0.4444,0.7,0.9555
47,"Das Englische Institut, kleine Geschäftshäuser und eine Gruftkapelle aus dem Mittelalter standen einst am Marienhof, wo dieser Tage die Vorarbeiten und am 5. April 2017 der Spatenstich für die zweite S-Bahn-Stammstrecke erfolgen.","The English Institute, small business buildings and a medieval tomb chapel once stood at Marienhof, where the preparatory work was carried out these days and the groundbreaking ceremony for the second S-Bahn line on 5 April 2017.","The English Institute, small commercial premises and a crypt chapel from the Middle Ages once stood in the Marienhof, where these days, preparations for the second S-Bahn main line are underway, with first digging to follow on 5th April 2017.",21.442,0.6076,0.3117,0.557,0.9388
48,Mit dem Schieberegler lässt sich die alte München-Karte mit dem Luftbild von heute vergleichen - und das Loch am Marienhof auffüllen.,With the slider you can compare the old Munich map with the aerial picture of today - and fill up the hole at Marienhof.,You can use the slider control to compare the old Munich map with the aerial view from today – and to fill in the hole at the Marienhof.,33.5731,0.76,0.5,0.68,0.9674
49,Bürgerrechtsgruppe veröffentlicht Reisewarnung für Missouri,Civil Rights Group publishes travel warning for Missouri,Civil rights group issues travel warning for Missouri,36.5555,0.875,0.7143,0.875,0.984
50,"Die Nationale Vereinigung zur Förderung von Farbigen hat eine Warnung für farbige Menschen ausgestellt, die aufgrund der diskriminierenden Politik und der rassistischen Angriffe des Staates nach Missouri reisen.",The National Federation for the Promotion of Colored People has issued a warning for colored people who travel to Missouri because of the discriminatory policies and racist attacks of the state.,The National Association for the Advancement of Colored People has put out an alert for people of color traveling to Missouri because of the state's discriminatory policies and racist attacks.,33.9312,0.7742,0.5,0.6774,0.9615
51,"""Die NAACP Travel Advisory für den Bundesstaat Missouri, die bis zum 28. August 2017 in Kraft treten soll, fordert afro-amerikanische Reisende, Besucher und Missourianer auf, bei Reisen durch den Staat besondere Aufmerksamkeit aufzubringen und äußerste Vorsicht walten zu lassen, da eine Reihe von fragwürdigen, rassenbasierten Vorfällen in letzter Zeit im gesamten Staat vorkommen und hier vermerkt werden"", heißt es in der Stellungnahme der Gruppe.","""The NAACP Travel Advisory for the State of Missouri, which is due to enter into force by 28 August 2017, calls on African-American travelers, visitors and Missourins to pay special attention to travel through the state and to exercise extreme caution, as a number of questionable, racial-based incidents have recently occurred throughout the state and are noted here,"" says the Group's opinion.","""The NAACP Travel Advisory for the state of Missouri, effective through August 28th, 2017, calls for African American travelers, visitors and Missourians to pay special attention and exercise extreme caution when traveling throughout the state given the series of questionable, race-based incidents occurring statewide recently, and noted therein,"" the group's statement reads.",24.8346,0.7059,0.4103,0.5882,0.9399
52,"Ein kürzlich verabschiedetes Gesetz von Missouri, das es Menschen schwerer macht, Diskriminierungsklagen zu gewinnen, sowie die Strafverfolgungsbehörden des Staates, die unverhältnismäßig auf Minderheiten abzielen, veranlassten die Gruppe, die Reisewarnung herauszugeben, sagte die NAACP.","A recent Missouri law that makes it harder for people to win discrimination lawsuits, as well as the state's law enforcement agencies that aim disproportionately at minorities, prompted the group to issue the travel warning, said NAACP.","A recent Missouri law making it harder for people to win discrimination lawsuits, as well as the state's law enforcement disproportionately targeting minorities prompted the group to issue the travel alert, the NAACP said.",59.2422,0.8767,0.7324,0.8493,0.9746
53,"""Sie haben Verletzungen der Bürgerrechte, die Menschen passieren.","""They have violations of civil rights that happen to people.","""You have violations of civil rights that are happening to people.",50.1651,0.8571,0.7368,0.8571,0.9806
54,"Sie werden wegen ihrer Hautfarbe angehalten, sie werden zusammengeschlagen oder getötet"", sagte der Präsident des Missouri NAACP, Rod Chapel, dem Kansas City Star.","They are stopped because of their skin color, they are beaten up or killed,"" said the President of the Missouri NAACP, Rod Chapel, the Kansas City Star.","They're being pulled over because of their skin color, they're being beaten up or killed,"" the president of the Missouri NAACP, Rod Chapel, told The Kansas City Star.",54.2464,0.807,0.6545,0.807,0.9763
55,"""Wir hören Beschwerden in einer solchen Häufigkeit, die wir noch nicht gehört haben.""","""We hear complaints in such a frequency that we haven't heard yet.""","""We are hearing complaints at a rate we haven't heard before.""",15.3102,0.64,0.3478,0.64,0.9256
56,"Es ist die erste solche Warnung, die die Organisation für einen Staat in den USA ausgestellt hat.",It is the first such warning issued by the organization for a state in the United States.,It is the first such warning that the organization has issued for a state in the US.,51.7079,0.8235,0.625,0.7647,0.9757
57,"Die Gruppe zitierte Vorfälle wie rassistische Vergehen gegen schwarze Studenten an der University of Missouri und den Tod von Tory Sanders, 28, einem schwarzen Mann aus Tennessee.","The group cited incidents such as racist crimes against black students at the University of Missouri and the death of Tory Sanders, 28, a black man from Tennessee.","The group cited incidents such as racial slurs against black students at the University of Missouri and the death of Tory Sanders, 28, a black man from Tennessee.",87.8714,0.9286,0.8889,0.9286,0.9931
58,"Sanders starb unter fragwürdigen Umständen Anfang des Jahres, nachdem er während der Reise durch den Staat kein Benzin mehr hatte und von der Polizei von Missouri in Gewahrsam genommen wurde, ohne eines Verbrechens beschuldigt zu werden.",Sanders died in dubious circumstances at the beginning of the year after he had no more fuel while traveling through the state and was taken into custody by the Missouri police without being accused of a crime.,"Sanders died under questionable circumstances earlier this year after he ran out of gas while traveling through the state, and was taken into custody by Missouri police without being accused of a crime.",47.3566,0.7429,0.5882,0.7143,0.9669
59,"Der Rat weist auch auf einen kürzlich erschienenen Bericht des Büros des Generalstaatsanwaltes von Missouri hin, in dem gezeigt wird, dass schwarze Autofahrer im Staat 75 Prozent häufiger als Weiße angehalten werden.","The Council also notes a recent report from the Missouri Attorney General's Office, which shows that black drivers in the state are stopped 75 percent more often than whites.",The advisory also points to a recent report by the Missouri Attorney General's Office showing that black drivers in the state were 75 percent more likely to be pulled over than whites.,36.0448,0.7302,0.5246,0.7302,0.9733
60,"""Die Empfehlung ist, dass sich die Menschen bewusst sind und ihre Familien, Freunde und Mitarbeiter darüber informieren, was in Missouri passieren könnte"", sagte Chapel.","""The recommendation is that people are aware and inform their families, friends and employees about what might happen in Missouri,"" said Chapel.","""The advisory is for people to be aware, and warn their families and friends and co-workers of what could happen in Missouri,"" Chapel said.",19.6236,0.6383,0.2222,0.5957,0.9566
61,"""Die Leute müssen bereit sein, ob es Kautionsgeld mitbringen oder die Verwandten wissen lassen, dass sie durch den Staat reisen.""","""People need to be ready to bring bail money or let the relatives know they're traveling through the state.""","""People need to be ready, whether it's bringing bail money with them, or letting relatives know they are traveling through the state.""",38.7176,0.7907,0.5854,0.7907,0.967
62,"Missouri verzeichnete im Jahr 2015 100 Hassverbrechen, nach den neuesten Zahlen aus dem Hassverbrechens-Berichtsprogramm des FBI, die den Staat in Bezug auf die Anzahl solcher Verletzungen auf den 16. Rang des Landes einstufen.","Missouri recorded 100 hate crimes in 2015, according to the latest figures from the FBI's hate crime reporting program, which ranked the state 16th in terms of the number of such violations.","Missouri recorded 100 hate crimes in 2015, according to the latest figures from the FBI's hate crime reporting program, ranking the state at 16th in the country in terms of the number of such violations.",76.8559,0.9275,0.8657,0.9275,0.9857
63,"Die Reisewarnung ist auch eine Antwort auf ein neues Missouri-Gesetz, das es schwieriger machen würde, ein Unternehmen wegen Wohnungs- oder Beschäftigungs-Diskriminierung zu verklagen.",The travel warning is also a response to a new Missouri law that would make it more difficult to sue a company for housing or employment discrimination.,The travel warning is also a response to a new Missouri law that would make it more difficult to sue a business for housing or employment discrimination.,90.2514,0.963,0.9231,0.963,0.9976
64,"Zuvor hatte die American Civil Liberties Union (ACLU) Reisewarnungen für Texas und Arizona herausgegeben, nachdem die Staaten Einwanderungsgesetze verabschiedet hatten, die lokale Strafverfolgungsbehörden dazu verpflichten, Menschen wegen Zuwanderungsverstößen zu verhaften, was nach Ansicht der ACLU zur weiteren Rassenprofilierung beitragen wird.","Previously, the American Civil Liberties Union (ACLU) issued travel warnings for Texas and Arizona after the states passed immigration laws that oblige local law enforcement agencies to arrest people for immigration violations, which, according to the ACLU, will contribute to further racial profiling.","Previously, the American Civil Liberties Union (ACLU) had issued travel advisories for Texas and Arizona after the states passed immigration enforcement laws requiring local law enforcement to detain people on immigration violations which the ACLU said would increase racial profiling.",42.8096,0.747,0.5185,0.747,0.9674
65,"Reisewarnungen werden in der Regel vom Außenministerium für andere Länder ausgestellt, aber in letzter Zeit haben Interessengruppen die Maßnahme als Reaktion auf bestimmte Gesetze und Trends innerhalb der USA eingesetzt.","Travel warnings are usually issued by the Ministry of Foreign Affairs for other countries, but recently, interest groups have used the measure as a response to certain laws and trends within the US.","Travel warnings are usually issued by the State Department for other countries, but lately, advocacy groups have resorted to the measure in response to certain laws and trends inside the US.",44.9663,0.7188,0.5484,0.7188,0.9704
66,Weidezaunprojekt ist elementar,Pasture fence project is elementary,Pasture fence project is fundamental,66.874,0.8,0.75,0.8,0.9668
67,Das Fischerbacher Weidezaun-Projekt ist ein Erfolgsprojekt und wird im kommenden Jahr fortgesetzt.,The Fischerbach Weidezaun project is a successful project and will continue next year.,The Fischerbach pasture fence project is a successful project and will be continued next year.,49.6827,0.8571,0.6923,0.8571,0.9526
68,Die CDU-Bundestagsabgeordneten Peter Weiß und Kordula Kovac haben sich vor Ort ein Bild verschafft.,The CDU MPs Peter Weiß and Kordula Kovac got a picture on site.,Members of the Bundestag for the CDU Peter Weiß and Kordula Kovac got a first-hand view.,37.1648,0.6,0.5,0.6,0.9469
69,Beim Rechtgrabenhof der Familie Schwendemann trafen sich Vertreter des Fischerbacher CDU-Ortsverbands zusammen mit Bürgermeister Thomas Schneider und den beiden Abgeordneten.,Representatives of the Fischerbach CDU-Ortsverband met with Mayor Thomas Schneider and the two deputies at the right-graben court of the Schwendemann family.,"Representatives from the Fischerbach local CDU group met with mayor Thomas Schneider and the two representatives at Rechtgrabenhof farm, belonging to the Schwendemann family.",27.4226,0.6667,0.4348,0.6667,0.9245
70,"Markus Schwendemann gewährte zunächst Einblicke in seinen Betrieb, in dem er 55 Hektar Wiesen und 40 Hektar Wald bewirtschaftet, 40 Milchkühe und ebenso viele Jungtiere versorgt und in fünf Wohnungen Feriengäste beherbergt.","Markus Schwendemann first provided insights into his company, where he cultivates 55 hectares of meadows and 40 hectares of forest, supplies 40 dairy cows and as many young animals and accommodates holiday guests in five apartments.","To start with, Markus Schwendemann gave insights into his business, in which he cultivates 55 hectares of pasture and 40 hectares of woodland, keeps 40 milk cows and just as many young stock, and accommodates five apartments of holiday makers.",22.3627,0.6842,0.4054,0.6316,0.9536
71,"Die ""Schwarzwaldmilch"" ist für ihn der alternativlose Vermarktungsweg für die Milch seiner Kühe, so Schwendemann.","For him, ""Schwarzwaldmilch"" is the alternative marketing route for the milk of his cows, says Schwendemann.","Schwendemann says that, for him, there is no alternative to the ""Black Forest milk"" marketing channel he uses for the milk from his cows.",8.4743,0.65,0.2105,0.5,0.9347
72,Auf den Tisch der Feriengäste kommt ausschließlich Regionales.,On the table of the holiday guests comes exclusively regional.,Only regional produce is served to the holiday-makers.,4.9324,0.3158,0.1176,0.2105,0.9038
73,"Da er auch BLHV-Vorsitzender von Fischerbach ist, bezeichnete er das Weidezaunprojekt als ""elementar wichtig"".","Since he is also Chairman of the BLHV of Fischerbach, he described the willow fence project as ""elementary important"".","Since he is also BLHV chairman for Fischerbach, he described the pasture fence project as ""fundamentally important"".",41.8644,0.7778,0.4706,0.7222,0.9556
74,Ich kann auf derart steilen Flächen nicht gewinnbringend wirtschaften.,I cannot operate profitably on such steep areas.,I can't make a profit on that kind of steep-sloping ground.,4.496,0.381,0.1053,0.381,0.9353
75,"Die Grünlandfläche sorge für viel Arbeit, vieles müsse mit der Motorsense bearbeitet werden.","The grassland area ensures a lot of work, much has to be done with the engine sense.","Grassland areas make for a lot of work, a lot has to be done with the string trimmer.",42.5958,0.6857,0.5455,0.6857,0.9205
76,"""Wir haben hier mit den Bedingungen und mit der Topografie zu kämpfen"", betonte Schwendemann.","""We have to fight with the conditions here and with the topography,"" Schwendemann emphasized.","""We have to grapple with the conditions and with the topography here,"" stressed Schwendemann.",37.4203,0.8571,0.5385,0.7857,0.9812
77,"2003 habe er den elterlichen Betrieb übernommen und bewirtschafte diesen ohne chemischen Pflanzenschutz und Dünger, auch wenn er keinen Biobetrieb führe.","In 2003 he took over the parental holding and managed it without chemical plant protection and fertiliser, even if he did not run a bio-farm.","In 2003, he took over his parents' business and he manages this without chemical crop protection and fertilisers, even if it's not an organic farm that he's running.",11.0114,0.7143,0.3333,0.6071,0.934
78,"Für Bürgermeister Thomas Schneider war klar: ""Die Kommune hat die Bedeutung des Weidezaunprojekts erkannt und ist froh über die Leader-Förderung"".","For Mayor Thomas Schneider, it was clear: ""The municipality recognized the importance of the willow fence project and is happy about the Leader funding"".","For Mayor Thomas Schneider, it was clear that ""the community has recognised the importance of the pasture fence project and is happy to have the Leader funding"".",52.7057,0.7843,0.6122,0.7843,0.9613
79,Bei Kosten von 3000 bis 4000 Euro pro Hektar müssten die Landwirte unterstützt werden.,Farmers would have to be supported at a cost of between EUR 3000 and EUR 4000 per hectare.,The farmers need support to the tune of 3000 to 4000 euros per hectare.,9.3138,0.5,0.0667,0.4375,0.9415
80,"Man hoffe, dass damit die Aufforstung der Flächen noch eine ganze Weile hinausgezogen werden könnte.",It is hoped that the afforestation of the areas could be pulled out for quite a while.,"One hopes that with that, afforestation of the area could then be drawn out for a long while.",11.7725,0.6857,0.3636,0.6857,0.9463
81,"""Der größte Schatz den wir haben, sind die Leute, die in der Landwirtschaft arbeiten und sich Gedanken darum machen, wie sie ihren Betrieb weiter bringen"", betonte der Bürgermeister.","""The greatest treasure we have is the people who work in agriculture and are concerned about how they can continue their operations,"" the mayor stressed.","""The biggest asset that we have are the people who work in agriculture and who give thought to how to bring their businesses forward,"" stressed the mayor.",27.0141,0.6154,0.32,0.5385,0.9422
82,Die Landwirte stehen wegen der Förderung oft in der Kritik,Farmers are often criticised for their support,The farmers are often the target of criticism thanks to the funding.,5.5739,0.3158,0.2353,0.3158,0.933
83,Über die Weidezaunförderung wurden im Jahr 2013 insgesamt 25 Parzellen von elf Teilnehmern eingezäunt.,"In 2013, a total of 25 parcels of eleven participants were fenced in via the willow fence.","Using the pasture fence funding, a total of 25 plots from eleven participants were fenced off in 2013.",33.6374,0.6857,0.4242,0.5143,0.9374
84,"Die Offenhaltungsfläche beträgt damit 40 Hektar, die bis mindestens 2023 nicht aufgeforstet werden dürfen.","The open area is therefore 40 hectares, which may not be afforested until at least 2023.","The areas kept open with these amount to 40 hectares, which may not be afforested until at least 2023.",60.9959,0.8,0.6061,0.7429,0.9669
85,"Von den Gesamtkosten in Höhe von 71 500 Euro wurde die Hälfte über Leader gefördert, ein viertel trug die Gemeinde Fischerbach.","Of the total cost of €71 500, half was supported by Leader, while a quarter was supported by the municipality of Fischerbach.","Of the total costs, to the tune of 71,500 euros, half was funded via Leader, and a quarter was borne by the community of Fischerbach.",15.5886,0.7083,0.4348,0.7083,0.949
86,"Somit verblieben den Landwirten 12 610 Euro, die sie in 16,2 Kilometer Weidezaun investieren mussten.","This left the farmers 12 610 euros, which they had to invest in 16.2 kilometers of pasture fence.","The farmers were thus left with 12,610 euros, which they had to invest in the 16.2-kilometre pasture fence.",40.6251,0.8,0.5789,0.75,0.9583
87,"""Der große Vorteil ist die Langlebigkeit der Zäune"", erklärte Schwendemann.","""The big advantage is the longevity of the fences,"" Schwendemann explained.","""The great advantage is the longevity of the fences,"" explained Schwendemann.",63.397,0.9091,0.6,0.8182,0.9927
88,"Kordula Kovac betonte: ""Ihr macht einen richtig guten Job, ohne Landwirte und Landfrauen geht es nicht"".","Kordula Kovac stressed: ""You are doing a really good job, without farmers and rural women it is not possible"".","Kordula Kovac stressed: ""You're doing a really good job. Without farmers we'd not be able to function.""",32.0414,0.6316,0.5,0.6316,0.9547
89,"Auch für Peter Weiß stand fest: ""Hier werden beste Lebensmittel produziert"".","For Peter Weiß, too, it was clear that ""best food is produced here"".","Peter Weiß is also standing firm: ""First-class foodstuffs are produced here.""",7.2239,0.4,0.1739,0.4,0.9331
90,Die Landschaftspflegerichtlinie (LPR) Baden-Württemberg ermöglicht die staatliche Förderung von Weidezäunen.,The Landscape Maintenance Directive (LPR) Baden-Württemberg enables the state support of pasture fences.,The Baden-Württemberg directive on countryside conservation (LPR) makes the government funding of pasture fences possible.,15.3517,0.625,0.2667,0.5,0.9487
91,Ziel ist die Offenhaltung des Schwarzwalds.,The aim is to keep the Black Forest open.,Its goal is to keep the Black Forest open.,75.9836,0.7778,0.75,0.7778,0.979
92,Voraussetzung ist das Vorhandensein einer von der LPR bezeichneten Förderkulisse.,Prerequisite is the presence of a supporting backdrop designated by the LPR.,A prerequisite is the existence of one of the funding scenarios as outlined by the LPR.,17.5707,0.5714,0.3077,0.5,0.9201
93,Außerdem darf die einzuzäunende Fläche nicht schlepperbewirtschaftbar sein (Hangneigung über 35 Prozent) und muss damit von der Aufforstung bedroht sein.,"In addition, the fenced area must not be able to be managed by tractors (over 35 per cent of the area) and must therefore be threatened by afforestation.","In addition, the fenced-off area is not allowed to be farmable with a tractor (gradient of over 35 per cent) and must therefore be threatened with afforestation.",33.9312,0.7143,0.4074,0.6786,0.9382
94,"Für das Fischerbacher Weidezaunprojekt 2018 läuft derzeit der Antrag von acht Teilnehmern mit 24 Parzellen, die knapp 16 Kilometer Zaun bauen möchten.","For the Fischerbach Weidezaun project 2018, the application is currently being submitted by eight participants with 24 plots, who want to build almost 16 kilometres of fence.","For the 2018 Fischerbach pasture fence project, an application is currently underway from eight participants with 24 plots who would like to build just shy of 16 kilometres of fence.",30.4598,0.7018,0.4364,0.6667,0.9471
95,"Die Offenhaltungsfläche entspricht 35 Hektar, die kalkulierten Kosten liegen bei mehr als 112 000 Euro.",The open area is 35 hectares and the calculated costs are more than 112 000 euros.,"The areas of land to be kept open equate to 35 hectares; the calculated costs amount to more than 112,000 euros.",10.4077,0.6842,0.3889,0.6316,0.9529
96,Ist nichts mehr heilig?,Is nothing sacred anymore?,Is nothing sacred?,42.7287,0.8571,0.8,0.8571,0.9775
97,Jetzt nimmt sich das Weiße Haus von Trump die Freiheitsstatue vor,Now the White House of Trump takes the Statue of Liberty,Now Trump's White House is targeting the Statue of Liberty,28.9978,0.7273,0.4,0.6364,0.9462
98,"Das sicherste Zeichen eines Regime-Wechsels ist es, wenn sie beginnen, die Statuen zu attackieren.",The safest sign of a regime change is when they begin to attack the statues.,The surest mark of regime change is when they start attacking the statues.,32.3772,0.7143,0.4615,0.7143,0.9656
99,Die Amerikaner schätzen diese ebenso wie jede andere - daher der sorgsam inszenierte Sturz Saddam Husseins auf dem Firdos Platz in Bagdad im Jahr 2003.,The Americans appreciate this as well as any other - hence the carefully staged fall of Saddam Hussein on Firdos Square in Baghdad in 2003.,Americans appreciate this as well as anyone - hence the carefully stage-manged toppling of Saddam Hussein in Firdos square in Baghdad in 2003.,45.9246,0.8085,0.6667,0.8085,0.9613
100,"Stephen Miller, einer der Schlüssel-Ideologen des Trump-Regimes, wusste sicherlich, was er tat, als er eine symbolische Axt in einem hitzigen Streit mit Jim Acosta von CNN über die Vorschläge des Präsidenten zur drastischen Einschränkung der legalen Einwanderung mit zur Freiheitsstatue nahm.","Stephen Miller, one of the key ideologists of the Trump regime, certainly knew what he was doing when he took a symbolic axe to the Statue of Liberty in a heated dispute with Jim Acosta of CNN about the President's proposals to drastically restrict legal immigration.","Stephen Miller, one of the key ideologues of the Trump regime, surely knew what he was doing when he took a symbolic axe to the Statue of Liberty in a heated argument with CNN's Jim Acosta over the president's proposals to drastically limit legal immigration.",63.0518,0.8723,0.7174,0.8511,0.9887
101,"Um fair zu bleiben, Miller griff nicht die Statue selbst an.","To be fair, Miller didn't attack the statue himself.","In fairness, Miller did not attack the statue itself.",18.3603,0.5263,0.3529,0.5263,0.9597
102,"Eine Horde von Bootsbesitzern und Liberty-Imitatoren hätten ihn gelyncht, wenn er es getan hätte.",A horde of boat owners and Liberty imitators would have lynched him if he had.,A horde of boat-trip owners and Liberty impersonators would have lynched him if he did.,46.8591,0.8387,0.6897,0.8387,0.9724
103,"Aber er griff deren Bedeutung an, und insbesondere die Bedeutung, die ihr zugeschrieben wurde, als das berühmte Gedicht von Emma Lazarus 1903, 17 Jahre nach der Fertigstellung des Denkmals, seiner Basis hinzugefügt wurde.","But he attacked their meaning, and in particular the meaning attributed to them when the famous poem of Emma Lazarus in 1903, 17 years after the completion of the monument, was added to its base.","But he did attack its meaning, and in particular the meaning ascribed to it when Emma Lazarus's famous poem was added to its base in 1903, 17 years after the monument itself was completed.",43.2639,0.8,0.5294,0.6,0.9689
104,"Als Miller Acosta beschimpfte: ""Ich will hier nicht auf ein komplettes Ding über Geschichte eingehen, aber die Freiheitsstatue ist ... ein Symbol amerikanischer Freiheit, das die Welt erleuchtet.","When Miller Acosta scolded: ""I don't want to go into a complete thing about history here, but the Statue of Liberty is ... a symbol of American freedom that illuminates the world.","As Miller scolded Acosta: ""I don't want to get off into a whole thing about history here, but the Statue of Liberty is ... a symbol of American liberty lighting the world.",64.2771,0.8125,0.6129,0.7812,0.9483
105,"Das Gedicht, auf das Sie sich beziehen, das später hinzugefügt wurde und nicht Teil der ursprünglichen Freiheitsstatue ist.""","The poem to which you refer, which was added later and is not part of the original Statue of Liberty.""","The poem that you're referring to, that was added later and is not part of the original Statue of Liberty.""",67.6305,0.878,0.6667,0.8293,0.9755
106,"Miller liegt sachlich richtig, aber wie er es selbst formulierte, geht es nicht wirklich um Geschichte.","Miller is factually correct, but as he himself put it, it's not really about history.","Miller is factually correct, but as he put it himself, this is not really about history.",61.1832,0.875,0.6667,0.8125,0.9929
107,"Es geht um die zeitgenössische Resonanz auf die aufrüttelnden Worte von Lazarus, die einzigen, in denen ein Staat nicht nur irgendwelche alten Einwanderer einlädt, sondern die Ärmsten der Armen: ""Deine Müden, deine Armen, / deine bedrängten Massen, die sich danach sehnen, frei zu atmen, / den elenden Abfall deiner reichen Küsten.""","It's about the contemporary response to the stirring words of Lazarus, the only one in which a state not only invites any old immigrants, but the poorest of the poor: ""Your tiredness, your poor, / your oppressed masses, who long to breathe freely, / the miserable apostasy of your rich coasts.""","It is about the contemporary resonance of Lazarus's startling words, the only ones in which a state has appeared to invite not just any old immigrants, but the poorest of the poor: ""Your tired, your poor, / Your huddled masses yearning to breathe free, / The wretched refuse of your teeming shore.""",37.9228,0.7327,0.4444,0.6535,0.9324
108,"Es gab nie eine Zeit, in der der ""elende Abfall"" auf unseren Bildschirmen besser zu sehen war.","There was never a time when the ""poor waste"" was better seen on our screens.","There has never been a time when the ""wretched refuse"" has been more visible on our screens.",32.3858,0.5625,0.3333,0.5625,0.9481
109,"Miller engagierte sich nicht in literarischer Kritik - er machte deutlich, dass diese Leute in Trumps USA nicht willkommen sind.",Miller did not engage in literary criticism - he made it clear that these people are not welcome in Trump's USA.,Miller was not engaging in literary criticism - he was making it clear that these people are not welcome in Trump's USA.,66.3282,0.8837,0.7805,0.8837,0.9895
110,Dieser Konflikt wegen der Bedeutung einer Statue ist Teil einer breiteren politischen und kulturellen Auseinandersetzung: Es ist in der Tat ein Konflikt um die Bedeutung Amerikas.,This conflict because of the importance of a statue is part of a broader political and cultural debate: it is indeed a conflict about the importance of America.,This conflict about the meaning of a statue is part of a wider political and cultural war: it is really a conflict about the meaning of America.,40.8973,0.7636,0.5283,0.7636,0.9668
111,"Lazarus - und ihre Freunde, die sich dafür einsetzten, ihre Worte nach ihrem Tod an der Basis zu platzieren - wussten sehr gut, dass sie eine hochpolitische Handlung vollzogen.","Lazarus - and her friends, who stood up to place their words at the base after her death - knew very well that they were carrying out a highly political act.",Lazarus - and her friends who campaigned to place her words at the base after her death - knew very well that they were engaging in a highly political act.,63.5698,0.8421,0.7273,0.8421,0.9631
112,"Die Skulptur sollte die Verbindungen zwischen französischem und amerikanischem Republikanismus zeigen, indem sie in einer abgenutzten klassischen bildlichen Darstellung die weibliche Verkörperung der Freiheit darstellte.",The sculpture was intended to show the connections between French and American republicanism by depicting in a worn out classical pictorial representation the feminine embodiment of freedom.,"The sculpture was intended to mark the connections between French and American republicanism by representing in a well-worn classical trope, the female embodiment of Liberty.",42.7287,0.7547,0.5098,0.7547,0.9556
113,Lazarus veränderte diese Bedeutung: In ihrem Gedicht ist die weibliche Figur nicht mehr abstrakt - sie hat eine Stimme erhalten.,"Lazarus changed this meaning: In her poem, the female figure is no longer abstract - she has received a voice.",Lazarus changed that meaning: in her poem the female figure is no longer abstract - she has a voice.,52.9914,0.9189,0.8,0.9189,0.9859
114,Und sie gibt sich selbst einen ganz anderen Namen: Mutter der Exilanten.,And she gives herself a completely different name: Mother of the exiles.,And she gives herself a very different name: Mother of Exiles.,54.4518,0.8696,0.6667,0.8696,0.9804
115,Die Verbindung des Gedichts mit dem Bild ist ein brillanter feministischer Coup und ein verheerender Angriff auf den amerikanischen Nativismus.,The connection of the poem with the image is a brilliant feminist coup and a devastating attack on American nativism.,The marrying of the poem to the image is a brilliant feminist coup and a devastating attack on American nativism.,77.2195,0.9,0.7895,0.9,0.9837
116,"Und genau wie Lazarus die Bedeutung der Statue änderte, wollten die Leute vom rechten Flügel dies schon lange zurückwechseln.","And just as Lazarus changed the meaning of the statue, the people from the right wing wanted to change this back a long time.","And just as Lazarus changed the meaning of the statue, rightwingers have long wanted to change it back.",46.1814,0.7143,0.55,0.6667,0.9549
117,"Der große Schreihals Rush Limbaugh, eine Art Johannes des Täufers für das Kommen von Trump, argumentierte 2010, dass die Freiheitsstatue niemanden einlade, sondern eher eine frühe Neokonservative sei, die die amerikanische Flamme in die umnachtete Welt bringe: ""Lady Liberty geht voran.","The great screamer Rush Limbaugh, a kind of John the Baptist for Trump's coming, argued in 2010 that the Statue of Liberty is not inviting anyone, but rather an early neoconservative that brings the American flame to the dead world: ""Lady Liberty is progressing.","The great loudmouth Rush Limbaugh, a kind of John the Baptist for the coming of Trump, argued in 2010 that Liberty is not inviting anyone in, but is rather an early neocon, taking the American flame out to the benighted world: ""Lady Liberty is stepping forward.",46.9372,0.8132,0.5393,0.7473,0.949
118,Sie soll die Fackel der Freiheit von den Vereinigten Staaten in den Rest der Welt tragen.,It is said to carry the torch of freedom from the United States to the rest of the world.,She is meant to be carrying the torch of liberty from the United States to the rest of the world.,57.3465,0.8205,0.6486,0.8205,0.9656
119,"Die Fackel soll nicht den Weg in die Vereinigten Staaten erleuchten.""","The torch should not illuminate the way to the United States.""","The torch is not to light the way to the United States.""",57.9915,0.7826,0.5714,0.7826,0.9691
120,Ziemlich ungewöhnlich ist Limbaugh hier auf etwas gestoßen.,"Quite unusually, Limbagh has come across something here.","Rather unusually, Limbaugh actually hit on something.",9.9801,0.2667,0.0,0.2667,0.896
121,Die Bedeutung der Statue ist ganz und gar eine Frage des Standpunktes der Wahrnehmung.,The meaning of the statue is quite a question of perception's point of view.,The meaning of the statue is entirely a matter of the angle of perception.,36.7876,0.6897,0.4444,0.6207,0.9533
122,"Die große phantasievolle Tat von Lazarus bestand darin, sie so zu sehen, wie sie von den erschöpften, elenden, aber hoffnungsvollen Menschen nach langen und oft schrecklichen Reisen auf den Decks von Schiffen gesehen wurde.","The great imaginative deed of Lazarus was to see it as seen by the exhausted, wretched, but hopeful people after long and often terrible voyages on the decks of ships.","Lazarus's great imaginative act was to see it as it would be seen by exhausted, wretched but hopeful people on the decks of ships after long and often dreadful journeys.",38.3533,0.7869,0.5763,0.623,0.9563
123,"Es geht im wahrsten Sinne darum, die Welt aus der Perspektive von Menschen zu sehen, die Zuflucht suchen und eine Chance, ihr Leben zu verbessern.","In the truest sense, it is about seeing the world from the perspective of people who seek refuge and a chance to improve their lives.",It is literally about seeing the world from the perspective of people seeking refuge and a chance to better their lives.,47.9015,0.8261,0.6818,0.8261,0.9675
124,"Ihre Statue spricht zu ihnen die Worte der Hoffnung und des Willkommens, die sie hören müssen.",Their statue speaks to them the words of hope and welcome that they must hear.,Her statue speaks back to them the words of hope and welcome they need to hear.,50.0164,0.7742,0.5517,0.7742,0.9696
125,"Und das ist natürlich nicht die Perspektive, die Miller und Trump jemals anerkennen möchten.","And that's not, of course, the perspective that Miller and Trump ever want to acknowledge.","And of course, this is not the perspective Miller and Trump want ever to recognise.",17.5708,0.7742,0.2759,0.6452,0.9674
126,"Ihre Fackel soll nicht den Weg erleuchten, sondern den Hass, der ihre einzige Quelle der Macht ist, entzünden.","Their torch should not illuminate the way, but ignite the hatred that is their only source of power.","Their torch is meant not to light the way, but to inflame the hatreds that are their only source of power.",35.7374,0.7692,0.4865,0.7179,0.9595
127,Weltmeisterschaft 2017: Neil Black lobt schottische Mitglieder des Teams von Großbritannien,2017 World Cup: Neil Black praises Scottish members of the UK team,World Championships 2017: Neil Black praises Scottish members of Team GB,50.0872,0.7826,0.4762,0.6957,0.9672
128,"Eilidh Doyle erinnert sich an eine Zeit, als nur zwei Schotten zum Team von Großbritannien gehörten",Eilidh Doyle remembers a time when only two Scotsmen were part of the UK team,Eilidh Doyle recalls a time when only two Scots made the GB team,30.1304,0.6429,0.3846,0.6429,0.9762
129,"Der Leistungsdirektor der Leichtathletik des Vereinigten Königreichs, Neil Black, sagt, dass das 16-köpfige schottische Kontingent im Weltmeisterschaftskader ""einen massiven Beitrag zum Team leisten wird"".","The UK Athletics Performance Director, Neil Black, says that the 16-member Scottish contingent in the World Championship squad ""will make a massive contribution to the team"".","UK Athletics' performance director Neil Black says the 16-strong Scottish contingent in the World Championships squad will make ""a massive contribution to the team.""",33.5751,0.9231,0.84,0.9231,0.9811
130,"Eine Rekordzahl von schottischen Athleten wurde für London 2017 ausgewählt, das am Freitag startet.","A record number of Scottish athletes was selected for London 2017, which will start on Friday.","A record number of Scottish athletes have been selected for London 2017, which starts on Friday.",60.3161,0.875,0.7333,0.875,0.9852
131,"Black glaubt, dass ""sich in Schottland etwas Spezielles entwickelt"" und die Leichtathletik des Vereinigten Königreichs etwas daraus lernen muss.","Black believes that ""something special is developing in Scotland"" and the UK's athletics needs to learn something from it.","Black believes ""there's something special evolving"" in Scotland and UK athletics must learn from that.",7.3949,0.7222,0.2353,0.6111,0.9587
132,"""Wir begrüßen es, und wir versuchen es zu verstehen, und wir werden es weiterführen, bis wir es herausfinden,"" sagte Black.","""We welcome it, and we're trying to understand it, and we're going to continue until we figure it out,"" Black said.","""We embrace it and we're trying to understand it and we'll push on that until we work it out,"" Black said.",43.8417,0.7391,0.5909,0.7391,0.9651
133,"""Ich spreche mit Leuten im Scottish Institute of Sport und sie denken, dass es etwas mit dem zu tun hat, was sie getan haben.","""I'm talking to people at the Scottish Institute of Sports and they think it has something to do with what they've done.","""I speak to people in the Scottish Institute of Sport and they think it's something to do with what they've done.",47.1799,0.8511,0.7111,0.8511,0.9757
134,"Die schottischen Athleten denken, dass es etwas mit dem zu tun hat, was sie getan haben.",The Scottish athletes think it has something to do with what they've done.,Scottish Athletics think it's something to do with what they've done.,54.3743,0.8889,0.8,0.8889,0.9635
135,"Britische Leichtathletik: Es hat etwas mit dem zu tun, was sie getan haben.",British Athletics: It has something to do with what they have done.,British athletics: it's something to do with what they've done.,32.5596,0.8333,0.6364,0.8333,0.9666
136,Und auch mit dem Typ an der Straßenecke.,And with the guy at the street corner.,"And the guy on the corner street, too.",11.6708,0.75,0.1429,0.625,0.9488
137,"Was auch immer die Kombination der Umstände ist, es ist absolut brillant.""","Whatever the combination of circumstances is, it is absolutely brilliant.""","Whatever the combination of circumstances, it's absolutely brilliant.""",49.7357,0.8421,0.5882,0.8421,0.9811
138,"Mehrere der schottischen Athleten sind Medaillen-Anwärter, darunter Laura Muir und Andrew Butchart - die gegen Sir Mo Farah auf der 5.000 m Strecke antreten werden, während Eilidh Doyle von der Mannschaft zum Teamkapitän gewählt wurde.","Several of the Scottish athletes are medal candidates, including Laura Muir and Andrew Butchart - who will compete against Sir Mo Farah on the 5,000 m course, while Eilidh Doyle was elected team captain by the team.","Several of the Scottish athletes are medal contenders, including Laura Muir and Andrew Butchart - who will race against Sir Mo Farah in the 5,000m, while Eilidh Doyle was voted by the squad to be team captain.",54.5021,0.7838,0.6111,0.7568,0.9841
139,"""Eilidh ist ziemlich bescheiden.","""Eilidh is quite modest.","""Eilidh is slightly modest.",37.9918,0.75,0.3333,0.75,0.9545
140,"Ihre Kapitäns-Rede war unglaublich"", sagt Black.","Her captain's speech was incredible,"" says Black.","Her captain's speech was incredible,"" says Black.",100.0,1.0,1.0,1.0,1.0
141,"""Eine Reihe von Athleten, egal ob sie schottisch waren oder wo auch immer sie leben oder trainieren, gingen aus dem Raum und fühlten sich sehr stolz und waren sehr motiviert.","""A number of athletes, regardless of whether they were Scottish or wherever they live or train, left the room and felt very proud and very motivated.","""A number of athletes, whether they were Scottish or wherever they live or train, walked out of that room feeling hugely proud and really motivated.",53.9968,0.7451,0.5306,0.7059,0.9712
142,"Die Leidenschaft und das echte Gefühl, das Eilidh ganz natürlich einbrachte, waren großartig.""","The passion and the real feeling that Eilidh brought naturally was great.""","The passion and real feeling that Eilidh naturally put into it were great.""",31.3296,0.72,0.4348,0.72,0.9671
143,"Die Commonwealth-Silbermedaillengewinnerin, die bei ihren fünften Weltmeisterschaften bei den 400-m-Hürden antreten wird, sagt, dass es ""unglaublich"" ist, dass 16 Schotten in der britischen Mannschaft sind.","The Commonwealth silver medalist, who will compete in the 400m hurdles at her fifth World Championships, says that it is ""unbelievable"" that 16 Scots are in the British team.","The Commonwealth silver medallist, who will compete in the 400m hurdles at her fifth World Championships, says it's ""incredible"" 16 Scots are in the British team.",66.5986,0.8571,0.7407,0.8571,0.9808
144,"Schottlands bisher beste Gesamtzahl an Athleten bei der Weltmeisterschaft war sieben, die 1983 und 2015 erreicht wurden.",Scotland's best total of athletes in the world championship so far was seven that were achieved in 1983 and 2015.,"Scotland's previous best total of athletes at the worlds was seven, achieved in 1983 and 2015.",38.0914,0.7895,0.5556,0.7895,0.9603
145,Der Mittelstreckenläufer Muir führt auf diesem Weg und hat im vergangenen Jahr fünf britische und zwei europäische Rekorde aufgestellt.,The medium-range runner Muir leads this way and has set five British and two European records last year.,"Middle-distance runner Muir is leading the way, having set five British and two European records in the past year.",34.1163,0.6667,0.3784,0.6154,0.9487
146,Sie wird an den 1.500 m und den 5.000 m Läufen teilnehmen.,"She will participate in the 1,500 m and the 5,000 m runs.","She will go in the 1500m and the 5,000m.",11.1212,0.5833,0.3636,0.5833,0.9494
147,"Chris O'Hare, der 1.500 m läuft, ist ein weiterer Schotte, den man nach einer großartigen Saison, die den Sieg bei den British Team Trials und den Anniversary Games beinhaltete, beobachten sollte.","Chris O'Hare, who runs 1,500 m, is another Scotsman to watch after a great season that included winning the British Team Trials and the Anniversary Games.","Chris O'Hare, who runs in the 1500m, is another Scot to watch, following a great season that included victory at the British Team trials and the Anniversary Games.",41.5939,0.7719,0.6182,0.7719,0.9753
148,"Doyle erinnert sich an ihre ersten Weltmeisterschaften, als der einzige andere Schotte im Team Lee McConnell war.",Doyle remembers her first World Championships when the only other Scotsman in the team was Lee McConnell.,"Doyle remembers her first world championships, when the only other Scot in the team was Lee McConnell.",57.0566,0.9412,0.875,0.9412,0.9869
149,"Die Mannschafts-Kapitänin sagt, dass sie ""enorm stolz"" auf die Tatsache ist, dass viele ihrer Landsleute nicht nur zum Team gehören, sondern in manchen Fällen auch bei den Medaillen und bei den Finals mitmischen werden.","The team captain says that she is ""extremely proud"" of the fact that many of her compatriots will not only be part of the team, but in some cases also participate in the medals and the finals.","The team captain says she's ""hugely proud"" of the fact so many of her compatriots have not only made the team, but, in some cases, will be challenging for medals and competing to make finals.",32.1912,0.7123,0.4507,0.6575,0.9562
150,"""Das Besondere daran Team-Kapitänin zu sein, liegt darin, dass sie von den anderen Mitgliedern des Teams gewählt wurde, so dass es sowieso eine große Ehre war, aber zu wissen, dass meine Teamkollegen für mich gestimmt haben und mich gewählt haben, macht es zu etwas ganz Besonderem für mich"", fügte sie hinzu.","""The special thing about being a team captain is that she was elected by the other members of the team, so it was a great honor anyway, but knowing that my teammates voted for me and elected me makes it a very special thing for me,"" she added.","""The special thing about being team captain is that it was voted for by the other members of the team, so that it was such a huge honour anyway but to know that your teammates have voted for you and chosen you made it extra-special for me,"" she added.",41.7146,0.7143,0.4375,0.7143,0.9601
151,"""Offensichtlich bin ich sehr stolz auf all die Schotten, die zum Team gehören.","""Obviously, I am very proud of all the Scots who belong to the team.","""Obviously, I'm very proud of all the Scots who've made the team.",42.9514,0.7857,0.6154,0.7857,0.9729
152,"Es zeigt nur, wie weit wir gekommen sind.",It just shows how far we've come.,It just shows how far we've come.,100.0,1.0,1.0,1.0,1.0
153,"Und sie sind hier als etablierte Athleten, Athleten, die auf Podien steigen wollen.","And they're here as established athletes, athletes who want to climb Podien.","And they're here as well-established athletes, athletes that are going to be looking to get on podiums.",19.1565,0.5625,0.4,0.5625,0.9305
154,Was meine Rede als Kapitänin betrifft?,What about my speech as captain?,As for my captain's speech?,8.643,0.6667,0.0,0.3333,0.9486
155,"Ja, ich denke, sie ging gut.","Yeah, I think she was fine.","Yeah, I think it went well.",36.5555,0.5,0.4,0.5,0.9566
156,"Ich habe nur darauf hingewiesen, dass wir in dieser Situation sehr glücklich sind, da wir eine Heim-Weltmeisterschaft haben.",I just pointed out that we are very happy in this situation because we have a home world championship.,I just drew on the fact that we're very lucky in this situation in that we've got a home World Championships.,10.3622,0.619,0.35,0.619,0.9358
157,"Es ist also wirklich wichtig, auf diese Heimunterstützung zu setzen und davon zu profitieren, dass wir wieder im Olympiastadion sind.",So it is really important to rely on this home support and to benefit from being back in the Olympic Stadium.,So it's really just the importance of drawing on that home support and thriving on the fact that we're back at the Olympic Stadium.,15.2772,0.5106,0.2222,0.5106,0.9375
158,"Ich bekomme eine zweite Chance, dort hinauszugehen und zu konkurrieren und es wird einfach so eine tolle Atmosphäre da draußen sein.""","I get a second chance to go out there and compete and it'll just be such a great atmosphere out there.""","I'm getting a second chance to go out there and compete and it's just going to be such an amazing atmosphere out there.""",53.6592,0.8085,0.6222,0.8085,0.9834
159,"Blockieren von Kritikern über Facebook: Bewirb dich nicht um ein öffentliches Amt, wenn du das Einheizen von Wählern nicht vertragen kannst",Blocking Critics on Facebook: Do Not Apply for a Public Office If You Can't Accept the Heating of Voters,"Blocking critics from Facebook: Don't run for public office, if you can't take heat from voters",4.5537,0.6316,0.3333,0.6316,0.9401
160,Der Vater unseres Landes wusste etwas von schlechter Presse.,The father of our country knew something about bad press.,The father of our country knew something about bad press.,100.0,1.0,1.0,1.0,1.0
161,"Die Amerikaner liebten George Washington, aber es dauerte nicht lange, bis die Zeitungen ihn wegen allem schlugen, von der Innenpolitik bis zu seinen politischen Prinzipien.","The Americans loved George Washington, but it didn't take long for the newspapers to beat him for everything, from domestic politics to his political principles.","Americans loved George Washington, but it didn't take long for newspapers to start slamming him on everything from domestic policy to his political principles.",54.1467,0.8235,0.6531,0.8235,0.9714
162,"Er schimpfte bei der Kritik, sicher.","He scolded at the criticism, sure.","He chafed at the criticism, sure.",70.7107,0.8333,0.6,0.8333,0.9531
163,Aber er hat seine Kritiker nicht zum Schweigen gebracht.,But he didn't silence his critics.,But he did not silence his critics.,42.3837,0.7143,0.5,0.7143,0.9975
164,"Denn im Jahr 1783 sagte Washington: ""Die Redefreiheit kann weggenommen werden - und, dumm und stumm werden wir wie die Schafe zum Schlachten geführt.""","Because in 1783 Washington said, ""Free speech can be taken away - and, stupid and mute, we are led to slaughter like the sheep.""","Because back in 1783, Washington said, ""the freedom of Speech may be taken away - and, dumb & silent we may be led, like sheep, to the Slaughter.""",24.507,0.6939,0.2553,0.5714,0.9422
165,"Das bringt mich nach Maryland zu Gouverneur Larry Hogan, der daran arbeiten muss, mehr wie Washington zu sein.","This brings me to Maryland to Governor Larry Hogan, who has to work on being more like Washington.","That brings me to Maryland Gov. Larry Hogan, who needs to work on being more like Washington.",59.4859,0.8,0.6667,0.8,0.9762
166,"Hogans Mitarbeiter haben die Beiträge von mindestens 450 Personen blockiert und gelöscht, die ihre Meinung auf seiner offiziellen Facebook-Seite geäußert haben.",Hogan's employees have blocked and deleted the posts of at least 450 people who have expressed their opinion on his official Facebook page.,Hogan's staff has blocked and deleted the posts of at least 450 people who voiced their opinions on his official Facebook page.,63.2266,0.8511,0.7556,0.8511,0.9876
167,Und die American Civil Liberties Union verklagte ihn deswegen Anfang dieser Woche.,And the American Civil Liberties Union sued him for this earlier this week.,And the American Civil Liberties Union sued him for that earlier this week.,78.2542,0.9231,0.8333,0.9231,0.9948
168,"Der Stab des Gouverneurs entließ die Klage als frivol, und der Online-Kommentar war voll von einer Gegenreaktion mit ""Na, und?"" .","The governor's staff dismissed the lawsuit as frivolous, and the online comment was full of a counter-reaction with ""Well, and?"" .","The governor's staff dismissed the lawsuit as frivolous, and the online commentary was rich with a ""who cares?"" backlash.",48.9025,0.7143,0.55,0.6667,0.9288
169,"""Es ist nur Facebook"", sagten viele Leute.","""It's just Facebook,"" many people said.","""It's only Facebook,"" plenty of folks said.",20.7728,0.5333,0.1538,0.5333,0.9686
170,Aber es ist wichtig.,But it's important.,But it matters.,18.9959,0.5714,0.4,0.5714,0.9726
171,"Und es ist besonders wichtig, wenn es ein Typ wie Hogan ist.",And it's especially important if it's a guy like Hogan.,And it especially matters when it's a guy like Hogan.,49.6168,0.7826,0.5714,0.7826,0.9811
172,"Dies ist ein republikanischer Gouverneur in einem überwältigend demokratischen Staat, der erstaunlich beliebt ist.",This is a Republican governor in an overwhelmingly democratic state that is amazingly popular.,This is a Republican governor in an overwhelmingly Democratic state who is astonishingly popular.,54.4518,0.8571,0.6923,0.8571,0.9764
173,Er hat die zweithöchste Zustimmung der 50 Gouverneure der Nation.,He has the second highest approval of the 50 governors of the nation.,He has the second-highest approval rating of the nation's 50 governors.,16.5446,0.8462,0.6667,0.7692,0.9642
174,Hogan ist kein reaktionärer Hitzkopf.,Hogan is not a reactionary Hitzkopf.,Hogan is not a reactionary hothead.,64.3459,0.8333,0.8,0.8333,0.9214
175,Er hat eine feste Hand bei der Führung seines Staates und strenge Einhaltung der Prinzipien gezeigt.,He has shown a firm hand in the leadership of his state and strict adherence to the principles.,He's shown a steady hand in leading his state and a stern adherence to principles.,13.724,0.6471,0.3125,0.6471,0.962
176,"Er war auch sehr geschickt darin, Facebook als primäres Mittel zu nutzen, um sich mit seinen Wählern zu verbinden und spielend seinen haarlosen Kopf nach Chemotherapie auf seiner Seite zu debütieren.",He was also very skilled in using Facebook as a primary means of connecting with his voters and playing his hairless head after chemotherapy on his side.,"He's also been pretty deft at using Facebook as a primary means to connect with his constituents, playfully debuting his hairless head after chemo treatments on his page.",27.6824,0.6429,0.4074,0.6429,0.9254
177,"Daher ist die Blockierung von Personen, die auf die Seite des Gouverneurs kommen - die ein öffentliches Forum ist, das als offiziell bezeichnet wird und von Mitarbeitern, die mit öffentlichen Steuer-Dollars bezahlt werden - unnötig und letztendlich gefährlich.","Therefore, the blocking of people who come to the governor's side - which is a public forum called official and by employees who are paid with public tax dollars - is unnecessary and ultimately dangerous.","So blocking people who come to the governor's page - which is a public forum, labeled as official and administered by staff members paid public tax dollars - is unnecessary and ultimately dangerous.",52.0655,0.7576,0.5625,0.7576,0.9382
178,"In einem Interview mit The Washington Post verteidigte Hogans Sprecherin Amelia Chasse die Handlungen des Gouverneurs und argumentierte, dass die Blockierung der Kommentare nichts weiter als eine Moderation sei.","In an interview with The Washington Post, Hogan's spokesman Amelia Chasse defended the governor's actions and argued that blocking the comments was nothing more than a moderation.","In an interview with The Washington Post, Hogan spokeswoman Amelia Chasse defended the governor's actions, arguing that blocking the comments was nothing more than moderating them.",63.1921,0.8929,0.7778,0.8929,0.9698
179,"Aber es ist zu einfach, das Bild von Trollen oder Spammern oder hasserfüllten Leuten zu benutzen, die online die Peitsche schwingen.",But it's too easy to use the image of trolls or spammers or hateful people swinging the whip online.,But it's too easy to use the image of trolls or spammers or hateful folks lashing out online.,71.0116,0.8205,0.7568,0.8205,0.9797
180,"Die Post sprach mit einigen der wirklichen Leute, die von Hogan blockiert wurden.",The mail spoke to some of the real people who were blocked by Hogan.,The Post talked to some of the real people blocked by Hogan.,50.3892,0.7692,0.5833,0.7692,0.9581
181,"Und das sind nur echte Menschen, die mit ihren gewählten Führern sprechen: ein Lehrer, ein Unternehmer und ein Pfarrer, keine Trolle.","And these are only real people who speak to their elected leaders: a teacher, an entrepreneur and a pastor, not trolls.","And they're just that - real people talking to their elected leaders: a teacher, a business owner and a pastor, not trolls.",51.4413,0.6512,0.4878,0.6512,0.9589
182,"Sie alle sagten, dass ihre Kommentare respektvoll, nachdenklich und nicht profan waren.","They all said that their comments were respectful, thoughtful and not profane.","They all said that their comments were respectful, thoughtful and not profane.",100.0,1.0,1.0,1.0,1.0
183,Der Pfarrer zitierte die Bibel in seinem Post und appellierte an Hogans katholischen Glauben.,The priest quoted the Bible in his post and appealed to Hogan's Catholic faith.,"The pastor quoted the Bible in his post, appealing to Hogan's Catholic faith.",58.2823,0.8966,0.7407,0.8966,0.9857
184,"Rechtsanwältin Lakshmi Sarma Ramani von Bowie, Md., war nicht hasserfüllt, aber sie fragte nach Hassverbrechen.","Lawyer Lakshmi Sarma Ramani von Bowie, Ms., was not hateful, but she asked about hate crimes.","Attorney Lakshmi Sarma Ramani of Bowie, Md., wasn't hateful, but she asked about hate crimes.",50.3288,0.6875,0.5333,0.6875,0.9641
185,"""Ich kommentierte höflich, dass ich enttäuscht war, dass es keine Reaktion auf Hassverbrechen und andere aktuelle Nachrichten gab"", schrieb sie im Kommentarbereich der Nachrichtensendung ""The Post"".","""I politely commented that I was disappointed that there was no response to hate crimes and other news,"" she wrote in the comment section of the news broadcast ""The Post"".","""I politely commented that I was disappointed in his lack of response to hate crimes and other recent news items,"" she wrote in the comment section of The Post's news story.",54.91,0.7742,0.6333,0.7419,0.9505
186,"""Ich schätze diese Idee auch nicht, wenn eine Anzahl von Leuten zum selben Thema Stellung nimmt, dann werden sie von manchen eher als ein so genannter kollektiver Einsatz missachtet und nicht als eine große Gruppe von betroffenen Bürgern anerkannt"".","""I don't appreciate this idea either, when a number of people comment on the same subject, they are more likely to be disregarded by some as a so-called collective effort and not recognized as a large group of affected citizens.""","""I also do not appreciate that idea that when a number of people comment on the same topic, they are immediately disregarded by some as a so-called collective effort, rather than recognized as a large group of concerned citizens.""",50.5099,0.7561,0.55,0.7317,0.9606
187,"Was die Mitarbeiter des Gouverneurs als ""konzentrierten Spam-Angriff"" bezeichneten, würden andere wahrscheinlich ""Fürsprache"" nennen.","What the governor's staff called a ""concentrated spam attack"" would probably be called ""intercession.""","What the governor's staff called a ""concentrated spam attack"" others would probably call ""advocacy.""",62.0883,0.8667,0.7143,0.8667,0.957
188,"Die Facebook-Ära macht es einfach, eine Nachricht zuzuschneiden, indem man einfach einen Kritiker blockiert oder ein negativer Kommentar gelöscht wird.",The Facebook era makes it easy to cut a message by simply blocking a critic or deleting a negative comment.,The Facebook era makes it easy to tailor a message by simply blocking a critic or deleting a negative comment.,86.5603,0.95,0.8947,0.95,0.9894
189,"Es ist viel sauberer als in früherer Zeit, wenn man das gleiche getan hätte, dass Mitarbeiter entsandt wurden, um Zeitungen mit kritischen Leitartikeln zu sammeln und zu verbrennen oder Demonstranten zu verhaften und zum Schweigen zu bringen.",It's much cleaner than in the past if you'd done the same thing that employees were sent to collect and burn newspapers with critical editorials or arrest demonstrators and silence them.,"It's a lot cleaner than the old days, when doing the same would have required sending staff out to collect and burn newspapers with critical editorials or arresting and silencing protesters.",29.2311,0.5846,0.4127,0.5846,0.9354
190,Aber genau das passiert gerade digital.,But that's exactly what's happening digitally.,"But that's exactly what's happening, only digitally.",53.1375,0.9412,0.8,0.9412,0.9741
191,"Hogan ist nicht der erste öffentliche Beamte, der dafür kritisiert wird, dass er Facebook und andere soziale Medien beschimpft hat.",Hogan is not the first public official to be criticised for insulting Facebook and other social media.,Hogan isn't the first public official to be criticized for defanging Facebook and other social media.,54.9996,0.7647,0.5625,0.7647,0.9775
192,"Präsident Trump wird von Twitter-Nutzern verklagt, die von seinem Twitter-Feed blockiert wurden.",President Trump is sued by Twitter users who have been blocked by his Twitter feed.,President Trump is being sued by Twitter users who were blocked from his Twitter feed.,46.8591,0.8,0.5714,0.8,0.9701
193,Einer der ersten Meilensteine in dieser Frage fiel letzte Woche in Virginia.,One of the first milestones on this issue fell last week in Virginia.,One of the first landmark rulings on this issue came down last week in Virginia.,46.235,0.7857,0.6154,0.7857,0.9474
194,"Der Vorsitzende des Board of Supervisors des Loudoun County verletzte das First Amendment, laut US-Bezirksrichter James C. Cacheris in Alexandria, als sie einen Wähler von ihrer Facebook-Seite verbannte.","The chairman of the Board of Supervisors of Loudoun County violated the First Amendment, according to US district judge James C. Cacheris in Alexandria, when she banished a voter from her Facebook page.","The chair of the Loudoun County Board of Supervisors violated the First Amendment, according to U.S. District Judge James C. Cacheris in Alexandria, when she banned a constituent from her Facebook page.",50.3759,0.8485,0.625,0.7879,0.9782
195,Und in Kentucky erhielt Gouverneur Matt Bevin (R) auch einen Besuch von der ACLU wegen seiner Verwendung von Facebook und Twitter.,"And in Kentucky, Governor Matt Bevin (R) also received a visit from ACLU because of his use of Facebook and Twitter.","And in Kentucky, Gov. Matt Bevin (R) also got a visit from the ACLU over his use of Facebook and Twitter.",54.8536,0.8095,0.6,0.8095,0.9838
196,Das sollte nicht so schwer sein.,It shouldn't be that hard.,This shouldn't be so hard.,22.9575,0.6667,0.4,0.6667,0.9697
197,Zur Zeit Washingtons hatte die Zeit des erschwinglichen Portos eine ähnliche Wirkung wie das Internet.,"At the time of Washington, the time of affordable postage had a similar effect to the Internet.","In Washington's time, the era of affordable postage had an impact much like the Internet.",20.9734,0.5455,0.2581,0.4848,0.9613
198,"Die Anzahl der Zeitungen vervielfachte sich zwischen 1776 und 1800, und anonyme Briefschreiber schlugen auf seine Führung ein.","The number of newspapers multiplied between 1776 and 1800, and anonymous pens beat his lead.","The number of newspapers quadrupled between 1776 and 1800, and anonymous letter writers hammered his leadership.",48.7888,0.7097,0.5517,0.7097,0.9434
199,Und selbst damals hatte Washington anonyme Trolle.,"And even then, Washington had anonymous trolls.","And even back then, Washington had anonymous trolls.",71.8939,0.9333,0.7692,0.9333,0.9844
