id,source,reference,prompt_type,model,llm_score,raw_response
0,"München 1856: Vier Karten, die Ihren Blick auf die Stadt verändern",Munich 1856: Four maps that will change your view of the city,few_shot,llama-3.3-70b-versatile,5,5
1,"Eine Irren-Anstalt, wo sich heute Jugendliche begegnen sollen.","A mental asylum, where today young people are said to meet.",few_shot,llama-3.3-70b-versatile,5,5
2,"Eine Gruftkapelle, wo nun für den S-Bahn-Tunnel gegraben wird.","A crypt chapel, where they are now digging tunnels for the S-Bahn.",few_shot,llama-3.3-70b-versatile,5,5
3,Kleingärtner bewirtschaften den einstigen Grund von Bauern.,Allotment holders cultivate the soil of former farmers.,few_shot,llama-3.3-70b-versatile,5,5
4,Die älteste offizielle Karte Münchens fördert spannende Geschichten zu Tage.,The oldest official map of Munich brings captivating stories to light.,few_shot,llama-3.3-70b-versatile,5,5
5,"Es nervt, wenn Landkarten nicht aktuell sind.",It is annoying when geographical maps are not up-to-date.,few_shot,llama-3.3-70b-versatile,5,5
6,"Das kennt jeder, der sich schon mal aufregen musste, weil das Auto-Navi statt einer Umgehungsstraße eine grüne Wiese anzeigte.",Anyone who has ever got worked up because the car's sat-nav is showing a green field instead of a bypass knows that.,few_shot,llama-3.3-70b-versatile,5,5
7,"Die historischen Landkarten des digitalen Bayern-Atlases, ein Angebot des Geoportals Bayern der Staatsregierung, sind alles andere als aktuell - doch gerade deshalb sehr aufschlussreich.","The historical maps of the digital BayernAtlas, an offering from the State Government's Geoportal Bayern, are anything but up-to-date – and yet it is precisely for this reason that they are so informative.",few_shot,llama-3.3-70b-versatile,5,5
8,Besonders wenn man sie mit aktuellen Online-Karten vergleicht.,Especially when one compares them with current online maps.,few_shot,llama-3.3-70b-versatile,5,5
9,"Dann wird deutlich, wie sich Städte und Gemeinden im Verbreitungsgebiet des Münchner Merkur seit dem 19. Jahrhundert verändert haben.",Then it becomes clear how the towns and municipalities in the distribution area of Munich's Merkur newspaper have changed since the 19th century.,few_shot,llama-3.3-70b-versatile,5,5
10,"Der digitale Bayern-Atlas ist ein Flickenteppich, den man als solchen nicht gleich erkennt.",The digital BayernAtlas is a patchwork quilt that one doesn't quite recognise for what it is at first.,few_shot,llama-3.3-70b-versatile,5,5
11,"In die große Übersichtskarte wurden für Städte und Gemeinden detailliertere Karten, sogenannte Urpositionsblätter, eingearbeitet.","Within the large overview map, were worked in detailed maps for towns and municipalities, so-called original-lay-of-the-land sheets.",few_shot,llama-3.3-70b-versatile,5,5
12,Diese entstanden nach Angaben der Bayerischen Vermessungsverwaltung zwischen 1810 und 1864 und entspringen der ersten Vermessung Bayerns.,"According to information from the Bavarian Surveying and Mapping Authority, these came into being between 1810 and 1864 and arise out of the first survey of Bavaria.",few_shot,llama-3.3-70b-versatile,5,5
13,Ihr Auftraggeber: Napoleon.,Their commissioner: Napoleon.,few_shot,llama-3.3-70b-versatile,5,5
14,Der französische Heeresführer besetzte Bayern seit dem Frühjahr 1800 während des Zweiten Koalitionskrieges mit Österreich.,"The French army commander had occupied Bavaria since the spring in 1800, during the War of the Second Coalition with Austria.",few_shot,llama-3.3-70b-versatile,5,5
15,Napoleon wünschte sich einen Überblick über das besetzte Land und gab eine topographische Aufnahme Bayerns in Auftrag - natürlich zu militärischen Zwecken.,Napoleon wanted to gain an overview of the occupied land and commissioned a topographical survey – naturally for military purposes.,few_shot,llama-3.3-70b-versatile,5,5
16,"Auch wenn die französischen Truppen mit dem Frieden von Lunéville vom 9. Februar 1801 schließlich abzogen: Es waren die heutigen Nachbarn, die die Idee einer flächendeckenden Bayern-Karte kreierten.",Even if the French troops finally retreated with the Treaty of Lunéville from 9th February 1801: it was the current neighbours who had the idea to create a comprehensive map of Bavaria.,few_shot,llama-3.3-70b-versatile,5,5
17,"Kurfürst Max IV. Joseph trieb das Projekt weiter voran, gründete das ""Topographische Bureau"" - und damit die Bayerische Vermessungsverwaltung.","Elector Max IV. Joseph propelled the project further forward, founding the ""Topographical Bureau"" – and with that, the Bavarian Surveying and Mapping Authority.",few_shot,llama-3.3-70b-versatile,5,5
18,Das Urpositionsblatt für München stammt aus dem Jahr 1856 und ist wie sämtliche andere auf der Internetseite der Bayerischen Landesbibliothek zu finden.,"The original lay-of-the-land sheet for Munich originates from 1856 and, like all the others, can be found on the website of the Bavarian State Library.",few_shot,llama-3.3-70b-versatile,5,5
19,Der Vergleich Früher/Heute ist am Beispiel der Landeshauptstadt am eindrücklichsten.,The comparison of past/present is most impressive taking the example of the state capital.,few_shot,llama-3.3-70b-versatile,5,5
20,Die Stadt hat sich in alle Richtungen ausgedehnt und ist zusammengewachsen.,The city has stretched out in all directions and coalesced.,few_shot,llama-3.3-70b-versatile,5,5
21,"Ein Beispiel dafür ist Untersendling, das in der Karte von 1856 noch relativ isoliert auftaucht.","An example of this is Untersendling, which still appears relatively isolated on the map from 1856.",few_shot,llama-3.3-70b-versatile,5,5
22,"Sendling wurde 21 Jahre nach Erstellung der Karte, also 1877, als Münchner Stadtteil eingemeindet.",Sendling was incorporated as an urban district of Munich 21 years after the map was created.,few_shot,llama-3.3-70b-versatile,5,5
23,Heute liegt Untersendling mitten in der Stadt.,"Today, Untersendling lies in the middle of the city.",few_shot,llama-3.3-70b-versatile,5,5
24,"Die Häuser Untersendlings konzentrieren sich um 1856 entlang der heutigen Plinganserstraße, die erst 1878 nach Georg Sebastian Plinganser benannt wurde, einem Anführer des Aufstands der bayerischen Bauern gegen Österreich 1705.","Around 1856, Untersendling's houses are concentrated along what is today Plinganserstraße, which was first named in 1878 after Georg Sebastian Plinganser, a ringleader of the Bavarian farmers' revolt against Austria in 1705.",few_shot,llama-3.3-70b-versatile,5,5
25,"Wo heute der Westpark ist, sieht man nichts als Felder - auf den ersten Blick: Beim Hineinzoomen erscheint eine kleinteiligere Karte mit dutzenden Linien und Zahlen: handschriftlich nummerierte Flurstücke aus der sogenannten ""Uraufnahme"", aus der die Grundsteuer abgeleitet wurde.","Where the West Park is today, one sees nothing but field – at first sight: upon zooming in, a more detailed small-scale map with dozens of lines and numbers appears: hand-numbered plots from the so-called ""original record"", from which the property tax was derived.",few_shot,llama-3.3-70b-versatile,5,5
26,"Kleine Parzellen belegen dort heute keine Landwirte mehr - sondern Kleingärtner der Anlage ""Land in Sonne"".","Today, it is no longer farmers who occupy small parcels there – rather, it is allotment holders of the ""Land in Sonne"" facility.",few_shot,llama-3.3-70b-versatile,5,5
27,Eine große Grünfläche zeichnet sich nördlich von Untersendling ab.,A large green area is apparent to the north of Untersendling.,few_shot,llama-3.3-70b-versatile,5,5
28,"Die Theresienwiese, seit 1810 Schauplatz des Oktoberfests, war im 19. Jahrhundert tatsächlich noch eine Wiese - und keine Betonwüste.","Theresienwiese, since 1810 the scene of Oktoberfest, was in the 19th century still actually a ""Wiese"" – a meadow – and not a concrete wasteland.",few_shot,llama-3.3-70b-versatile,5,5
29,Auf der anderen Seite der Isar gibt die historische Karte einen Einblick in die Geschichte der psychiatrischen Medizin.,"On the other side of the Isar, the historical map gives an insight into the history of psychiatric medicine.",few_shot,llama-3.3-70b-versatile,5,5
30,"Im Urpositionsblatt liest man im Gebiet des heutigen Bezirks Au-Haidhausen nicht nur den Straßennamen ""am Gasteig"" oder von der Anhöhe ""Auf der Lüften"" - sondern auch in großen Buchstaben ""Irren Anstalt"".","In the original lay-of-the-land sheet, in the area where today the borough of Au-Haidhausen is, one can make out not only the street name ""am Gasteig"" or the elevation ""Auf der Lüften"" – but can actually read in large letters ""mental asylum"".",few_shot,llama-3.3-70b-versatile,5,5
31,"Ja, hier an der Auerfeldstraße sperrte man einst Menschen mit Wahnvorstellungen ein.","Yes, here on Auerfeldstraße, they once imprisoned people with delusions.",few_shot,llama-3.3-70b-versatile,5,5
32,"Dort war 1858/59 die Münchner Kreis-Irrenanstalt ""Auf der Auer Lüften"" entstanden.","The Munich district mental asylum ""Auf der Auer Lüften"" had come to life there in 1858/59.",few_shot,llama-3.3-70b-versatile,5,5
33,"Ab 1872 leitete Dr. Bernhard von Gudden die Einrichtung - jener Psychiater, der in Zusammenhang mit dem Tod von König Ludwigs II. gebracht wird.","From 1872, Dr. Bernhard von Gudden led the institution – the psychiatrist who is associated with the death of King Ludwig II.",few_shot,llama-3.3-70b-versatile,5,5
34,"""Er war fortschrittlich für seine Zeit und beendete zum Beispiel das Anketten der sogenannten Irren.","""He was progressive for his time and ended, for example, the practice of chaining up the so-called mad men.",few_shot,llama-3.3-70b-versatile,5,5
35,"Außerdem hat er dem Personal untersagt, Gewalt gegen die Insassen anzuwenden"", sagt Hermann Wilhelm, Leiter des Museums Haidhausen, der sich für eine Ausstellung mit der Anstalt beschäftigt hat.","What is more, he forbade the staff from using violence against the inmates,"" says Hermann Wilhelm, leader of the Haidhausen Museum, which has been busying itself for an exhibition with the establishment.",few_shot,llama-3.3-70b-versatile,5,5
36,"Für 280 Patienten war zunächst Platz gewesen, später wurde auf 500 Plätze erweitert.",Originally there was place for 280 patients; later this was expanded to 500 places.,few_shot,llama-3.3-70b-versatile,5,5
37,Irgendwann reichte auch diese Kapazität nicht mehr aus - der Grund für den Bau der Kreisirrenanstalt in Haar 1905.,At some point even this capacity was no longer enough – the reason why the district mental asylum in Haar was constructed in 1905.,few_shot,llama-3.3-70b-versatile,5,5
38,"Dort befindet sich seit 2006 das Isar-Amper-Klinikum München-Ost, eine der größten Psychiatrien Deutschlands.","The Isar Amper Clinic, East Munich, has been located there since 2006, one of the largest psychiatric units in Germany.",few_shot,llama-3.3-70b-versatile,5,5
39,Auf dem Areal der ehemaligen Auer Anstalt begegnen sich nun Jugendliche im Münchner Salesianum.,"On the plot of the former Auer institution, young people now meet in the Munich Salesianum.",few_shot,llama-3.3-70b-versatile,5,5
40,Der Orden erwarb den Gebäudekomplex 1920 und wandelte ihn in ein Jugendheim mit Ausbildungsbetrieben um.,The order acquired the building complex in 1920 and converted it into a youth centre with training programmes.,few_shot,llama-3.3-70b-versatile,5,5
41,"Westlich liegt der Fußballplatz des TSV München Ost, östlich Wohnhäuser aus den 1980er Jahren.","To the west lies the football pitch of TSV München Ost, and to the east, residential houses from the 1980s.",few_shot,llama-3.3-70b-versatile,5,5
42,"2015 errichtete man das Kinder-Haus ""Casa Don Bosco"" - in architektonischer Anlehnung an den Ursprungsbau der Irrenanstalt, der im Zweiten Weltkrieg bei Bombenangriffen zerstört worden war.","In 2015, the ""Casa Don Bosco"" nursery was built – in the architectural style of the original mental asylum building, which had been destroyed in the Second World War in bomb attacks.",few_shot,llama-3.3-70b-versatile,5,5
43,"Der Marienplatz war um 1856 als ""Haupt Platz"" verzeichnet, die Kaufingerstraße hieß ""Kaufinger Gasse"".","Marienplatz was recorded as the ""main square"" in around 1856, and Kaufingerstraße was called ""Kaufinger Gasse"".",few_shot,llama-3.3-70b-versatile,5,5
44,Eine entscheidende Veränderung brachte der Zweite Weltkrieg auch im Herzen Münchens.,The Second World War also brought a decisive change to the heart of Munich.,few_shot,llama-3.3-70b-versatile,5,5
45,Die Bomben der Alliierten rissen im Dezember 1944 viele Löcher in die Innenstadt.,The bombs of the Allies tore many holes in the city centre in December 1944.,few_shot,llama-3.3-70b-versatile,5,5
46,Ein großes blieb bis heute - am Marienhof.,One big one remains up to this day – at the Marienhof.,few_shot,llama-3.3-70b-versatile,5,5
47,"Das Englische Institut, kleine Geschäftshäuser und eine Gruftkapelle aus dem Mittelalter standen einst am Marienhof, wo dieser Tage die Vorarbeiten und am 5. April 2017 der Spatenstich für die zweite S-Bahn-Stammstrecke erfolgen.","The English Institute, small commercial premises and a crypt chapel from the Middle Ages once stood in the Marienhof, where these days, preparations for the second S-Bahn main line are underway, with first digging to follow on 5th April 2017.",few_shot,llama-3.3-70b-versatile,5,5
48,Mit dem Schieberegler lässt sich die alte München-Karte mit dem Luftbild von heute vergleichen - und das Loch am Marienhof auffüllen.,You can use the slider control to compare the old Munich map with the aerial view from today – and to fill in the hole at the Marienhof.,few_shot,llama-3.3-70b-versatile,5,5
49,Bürgerrechtsgruppe veröffentlicht Reisewarnung für Missouri,Civil rights group issues travel warning for Missouri,few_shot,llama-3.3-70b-versatile,5,5
