source,reference,hypothesis
"München 1856: Vier Karten, die Ihren Blick auf die Stadt verändern",Munich 1856: Four maps that will change your view of the city,Munich 1856: Four maps that change your view of the city
"Eine Irren-Anstalt, wo sich heute Jugendliche begegnen sollen.","A mental asylum, where today young people are said to meet.",It's a lunatic event where young people are supposed to meet today.
"Eine Gruftkapelle, wo nun für den S-Bahn-Tunnel gegraben wird.","A crypt chapel, where they are now digging tunnels for the S-Bahn.",A tomb chapel where the S-Bahn tunnel is now dug.
Kleingärtner bewirtschaften den einstigen Grund von Bauern.,Allotment holders cultivate the soil of former farmers.,Small gardeners manage the former land of farmers.
Die älteste offizielle Karte Münchens fördert spannende Geschichten zu Tage.,The oldest official map of Munich brings captivating stories to light.,The oldest official map of Munich reveals exciting stories.
"Es nervt, wenn Landkarten nicht aktuell sind.",It is annoying when geographical maps are not up-to-date.,It's annoying if maps aren't up-to-date.
"Das kennt jeder, der sich schon mal aufregen musste, weil das Auto-Navi statt einer Umgehungsstraße eine grüne Wiese anzeigte.",Anyone who has ever got worked up because the car's sat-nav is showing a green field instead of a bypass knows that.,"Everyone knows this, who had to get upset, because the Auto-Navi indicated a green meadow instead of a bypass road."
"Die historischen Landkarten des digitalen Bayern-Atlases, ein Angebot des Geoportals Bayern der Staatsregierung, sind alles andere als aktuell - doch gerade deshalb sehr aufschlussreich.","The historical maps of the digital BayernAtlas, an offering from the State Government's Geoportal Bayern, are anything but up-to-date – and yet it is precisely for this reason that they are so informative.","The historical maps of the digital Bayern atlas, an offer of the geoportal Bavaria of the state government, are far from up-to-date - but this is precisely why very informative."
Besonders wenn man sie mit aktuellen Online-Karten vergleicht.,Especially when one compares them with current online maps.,Especially if you compare them to current online cards.
"Dann wird deutlich, wie sich Städte und Gemeinden im Verbreitungsgebiet des Münchner Merkur seit dem 19. Jahrhundert verändert haben.",Then it becomes clear how the towns and municipalities in the distribution area of Munich's Merkur newspaper have changed since the 19th century.,Then it becomes clear how cities and communities in the distribution area of Munich Mercury have changed since the 19th century.
"Der digitale Bayern-Atlas ist ein Flickenteppich, den man als solchen nicht gleich erkennt.",The digital BayernAtlas is a patchwork quilt that one doesn't quite recognise for what it is at first.,The digital Bayern atlas is a patchwork carpet that is not recognized as such.
"In die große Übersichtskarte wurden für Städte und Gemeinden detailliertere Karten, sogenannte Urpositionsblätter, eingearbeitet.","Within the large overview map, were worked in detailed maps for towns and municipalities, so-called original-lay-of-the-land sheets.","More detailed maps, so-called Urposition sheets, were incorporated into the large overview map for cities and municipalities."
Diese entstanden nach Angaben der Bayerischen Vermessungsverwaltung zwischen 1810 und 1864 und entspringen der ersten Vermessung Bayerns.,"According to information from the Bavarian Surveying and Mapping Authority, these came into being between 1810 and 1864 and arise out of the first survey of Bavaria.","According to the Bavarian survey administration, these were created between 1810 and 1864 and originate from the first survey of Bavaria."
Ihr Auftraggeber: Napoleon.,Their commissioner: Napoleon.,Your client: Napoleon.
Der französische Heeresführer besetzte Bayern seit dem Frühjahr 1800 während des Zweiten Koalitionskrieges mit Österreich.,"The French army commander had occupied Bavaria since the spring in 1800, during the War of the Second Coalition with Austria.",The French army leader occupied Bavaria with Austria since the spring of 1800 during the Second Coalition War.
Napoleon wünschte sich einen Überblick über das besetzte Land und gab eine topographische Aufnahme Bayerns in Auftrag - natürlich zu militärischen Zwecken.,Napoleon wanted to gain an overview of the occupied land and commissioned a topographical survey – naturally for military purposes.,Napoleon wanted an overview of the occupied country and commissioned a topographical photograph of Bavaria - of course for military purposes.
"Auch wenn die französischen Truppen mit dem Frieden von Lunéville vom 9. Februar 1801 schließlich abzogen: Es waren die heutigen Nachbarn, die die Idee einer flächendeckenden Bayern-Karte kreierten.",Even if the French troops finally retreated with the Treaty of Lunéville from 9th February 1801: it was the current neighbours who had the idea to create a comprehensive map of Bavaria.,Even if the French troops finally withdrew with the peace of Lunéville on 9 February 1801: It was the present-day neighbours who created the idea of a comprehensive Bavaria map.
"Kurfürst Max IV. Joseph trieb das Projekt weiter voran, gründete das ""Topographische Bureau"" - und damit die Bayerische Vermessungsverwaltung.","Elector Max IV. Joseph propelled the project further forward, founding the ""Topographical Bureau"" – and with that, the Bavarian Surveying and Mapping Authority.","Elector Max IV. Joseph continued to advance the project, founded the ""Topographic Bureau"" - and thus the Bavarian Surveying Administration."
Das Urpositionsblatt für München stammt aus dem Jahr 1856 und ist wie sämtliche andere auf der Internetseite der Bayerischen Landesbibliothek zu finden.,"The original lay-of-the-land sheet for Munich originates from 1856 and, like all the others, can be found on the website of the Bavarian State Library.","The Urpositionsblatt for Munich dates back to 1856 and is, like all others, available on the website of the Bayerische Landesbibliothek."
Der Vergleich Früher/Heute ist am Beispiel der Landeshauptstadt am eindrücklichsten.,The comparison of past/present is most impressive taking the example of the state capital.,The comparison earlier/today is most impressive with the example of the state capital.
Die Stadt hat sich in alle Richtungen ausgedehnt und ist zusammengewachsen.,The city has stretched out in all directions and coalesced.,The city has expanded in all directions and has grown together.
"Ein Beispiel dafür ist Untersendling, das in der Karte von 1856 noch relativ isoliert auftaucht.","An example of this is Untersendling, which still appears relatively isolated on the map from 1856.","An example of this is Untersendling, which appears in the map of 1856 still relatively isolated."
"Sendling wurde 21 Jahre nach Erstellung der Karte, also 1877, als Münchner Stadtteil eingemeindet.",Sendling was incorporated as an urban district of Munich 21 years after the map was created.,"Sendling was incorporated as a Munich district 21 years after the map was created, in 1877."
Heute liegt Untersendling mitten in der Stadt.,"Today, Untersendling lies in the middle of the city.","Today, Untersendling lies in the middle of the city."
"Die Häuser Untersendlings konzentrieren sich um 1856 entlang der heutigen Plinganserstraße, die erst 1878 nach Georg Sebastian Plinganser benannt wurde, einem Anführer des Aufstands der bayerischen Bauern gegen Österreich 1705.","Around 1856, Untersendling's houses are concentrated along what is today Plinganserstraße, which was first named in 1878 after Georg Sebastian Plinganser, a ringleader of the Bavarian farmers' revolt against Austria in 1705.","The houses of Untersendling concentrate around 1856 along today's Plinganserstraße, which was named after Georg Sebastian Plinganser in 1878, a leader of the uprising of the Bavarian farmers against Austria in 1705."
"Wo heute der Westpark ist, sieht man nichts als Felder - auf den ersten Blick: Beim Hineinzoomen erscheint eine kleinteiligere Karte mit dutzenden Linien und Zahlen: handschriftlich nummerierte Flurstücke aus der sogenannten ""Uraufnahme"", aus der die Grundsteuer abgeleitet wurde.","Where the West Park is today, one sees nothing but field – at first sight: upon zooming in, a more detailed small-scale map with dozens of lines and numbers appears: hand-numbered plots from the so-called ""original record"", from which the property tax was derived.","Where the Westpark is today, you can see nothing but fields - at first glance: When zooming in, a smaller-piece map with dozens of lines and numbers appears: hand-numbered corridor pieces from the so-called ""uptake"" from which the property tax was derived."
"Kleine Parzellen belegen dort heute keine Landwirte mehr - sondern Kleingärtner der Anlage ""Land in Sonne"".","Today, it is no longer farmers who occupy small parcels there – rather, it is allotment holders of the ""Land in Sonne"" facility.","Small plots do not occupy farmers there anymore - but small gardeners of the plant ""Land in Sonne""."
Eine große Grünfläche zeichnet sich nördlich von Untersendling ab.,A large green area is apparent to the north of Untersendling.,A large green area is visible north of Untersendling.
"Die Theresienwiese, seit 1810 Schauplatz des Oktoberfests, war im 19. Jahrhundert tatsächlich noch eine Wiese - und keine Betonwüste.","Theresienwiese, since 1810 the scene of Oktoberfest, was in the 19th century still actually a ""Wiese"" – a meadow – and not a concrete wasteland.","The Theresienwiese, the venue of the Oktoberfest since 1810, was in fact still a meadow in the 19th century - and not a concrete desert."
Auf der anderen Seite der Isar gibt die historische Karte einen Einblick in die Geschichte der psychiatrischen Medizin.,"On the other side of the Isar, the historical map gives an insight into the history of psychiatric medicine.","On the other side of the Isar, the historical map gives an insight into the history of psychiatric medicine."
"Im Urpositionsblatt liest man im Gebiet des heutigen Bezirks Au-Haidhausen nicht nur den Straßennamen ""am Gasteig"" oder von der Anhöhe ""Auf der Lüften"" - sondern auch in großen Buchstaben ""Irren Anstalt"".","In the original lay-of-the-land sheet, in the area where today the borough of Au-Haidhausen is, one can make out not only the street name ""am Gasteig"" or the elevation ""Auf der Lüften"" – but can actually read in large letters ""mental asylum"".","In the Urpositionsblatt one reads in the area of today's district Au-Haidhausen not only the street name ""am Gasteig"" or from the hill ""Auf der Lüften"" - but also in large letters ""Irren Anstalt""."
"Ja, hier an der Auerfeldstraße sperrte man einst Menschen mit Wahnvorstellungen ein.","Yes, here on Auerfeldstraße, they once imprisoned people with delusions.","Yes, here on Auerfeldstraße people were once imprisoned with delusions."
"Dort war 1858/59 die Münchner Kreis-Irrenanstalt ""Auf der Auer Lüften"" entstanden.","The Munich district mental asylum ""Auf der Auer Lüften"" had come to life there in 1858/59.","In 1858/59 the Munich Kreis-Irrenanstalt ""Auf der Auer Lüften"" was created."
"Ab 1872 leitete Dr. Bernhard von Gudden die Einrichtung - jener Psychiater, der in Zusammenhang mit dem Tod von König Ludwigs II. gebracht wird.","From 1872, Dr. Bernhard von Gudden led the institution – the psychiatrist who is associated with the death of King Ludwig II.",From 1872 Dr. Bernhard von Gudden headed the institution - that psychiatrist who is brought in connection with the death of King Louis II.
"""Er war fortschrittlich für seine Zeit und beendete zum Beispiel das Anketten der sogenannten Irren.","""He was progressive for his time and ended, for example, the practice of chaining up the so-called mad men.","""He was progressive for his time and ended, for example, the chaining of the so-called madmen."
"Außerdem hat er dem Personal untersagt, Gewalt gegen die Insassen anzuwenden"", sagt Hermann Wilhelm, Leiter des Museums Haidhausen, der sich für eine Ausstellung mit der Anstalt beschäftigt hat.","What is more, he forbade the staff from using violence against the inmates,"" says Hermann Wilhelm, leader of the Haidhausen Museum, which has been busying itself for an exhibition with the establishment.","He also prohibited staff from using violence against the inmates,"" says Hermann Wilhelm, head of the Haidhausen Museum, who worked with the institute for an exhibition."
"Für 280 Patienten war zunächst Platz gewesen, später wurde auf 500 Plätze erweitert.",Originally there was place for 280 patients; later this was expanded to 500 places.,"For 280 patients there was first place, later it was extended to 500 places."
Irgendwann reichte auch diese Kapazität nicht mehr aus - der Grund für den Bau der Kreisirrenanstalt in Haar 1905.,At some point even this capacity was no longer enough – the reason why the district mental asylum in Haar was constructed in 1905.,At some point this capacity was no longer sufficient - the reason for the construction of the Kreisirrenanstalt in Haar 1905.
"Dort befindet sich seit 2006 das Isar-Amper-Klinikum München-Ost, eine der größten Psychiatrien Deutschlands.","The Isar Amper Clinic, East Munich, has been located there since 2006, one of the largest psychiatric units in Germany.","Since 2006, the Isar-Amper-Klinikum München-Ost, one of the largest psychiatry hospitals in Germany, has been located there."
Auf dem Areal der ehemaligen Auer Anstalt begegnen sich nun Jugendliche im Münchner Salesianum.,"On the plot of the former Auer institution, young people now meet in the Munich Salesianum.","On the site of the former Auer Anstalt, young people now meet in the Munich Salesianum."
Der Orden erwarb den Gebäudekomplex 1920 und wandelte ihn in ein Jugendheim mit Ausbildungsbetrieben um.,The order acquired the building complex in 1920 and converted it into a youth centre with training programmes.,The Order acquired the building complex in 1920 and converted it into a youth home with training companies.
"Westlich liegt der Fußballplatz des TSV München Ost, östlich Wohnhäuser aus den 1980er Jahren.","To the west lies the football pitch of TSV München Ost, and to the east, residential houses from the 1980s.","West lies the football field of the TSV München Ost, east residential buildings from the 1980s."
"2015 errichtete man das Kinder-Haus ""Casa Don Bosco"" - in architektonischer Anlehnung an den Ursprungsbau der Irrenanstalt, der im Zweiten Weltkrieg bei Bombenangriffen zerstört worden war.","In 2015, the ""Casa Don Bosco"" nursery was built – in the architectural style of the original mental asylum building, which had been destroyed in the Second World War in bomb attacks.","In 2015, the children's house ""Casa Don Bosco"" was built, based on the original construction of the asylum, which had been destroyed during bombings during the Second World War."
"Der Marienplatz war um 1856 als ""Haupt Platz"" verzeichnet, die Kaufingerstraße hieß ""Kaufinger Gasse"".","Marienplatz was recorded as the ""main square"" in around 1856, and Kaufingerstraße was called ""Kaufinger Gasse"".","Marienplatz was listed as ""Haupt Platz"" around 1856, the Kaufingerstraße was called ""Kaufinger Gasse""."
Eine entscheidende Veränderung brachte der Zweite Weltkrieg auch im Herzen Münchens.,The Second World War also brought a decisive change to the heart of Munich.,The Second World War brought a decisive change also in the heart of Munich.
Die Bomben der Alliierten rissen im Dezember 1944 viele Löcher in die Innenstadt.,The bombs of the Allies tore many holes in the city centre in December 1944.,The Allies bombed many holes in the city centre in December 1944.
Ein großes blieb bis heute - am Marienhof.,One big one remains up to this day – at the Marienhof.,A large one remained to this day - at Marienhof.
"Das Englische Institut, kleine Geschäftshäuser und eine Gruftkapelle aus dem Mittelalter standen einst am Marienhof, wo dieser Tage die Vorarbeiten und am 5. April 2017 der Spatenstich für die zweite S-Bahn-Stammstrecke erfolgen.","The English Institute, small commercial premises and a crypt chapel from the Middle Ages once stood in the Marienhof, where these days, preparations for the second S-Bahn main line are underway, with first digging to follow on 5th April 2017.","The English Institute, small business buildings and a medieval tomb chapel once stood at Marienhof, where the preparatory work was carried out these days and the groundbreaking ceremony for the second S-Bahn line on 5 April 2017."
Mit dem Schieberegler lässt sich die alte München-Karte mit dem Luftbild von heute vergleichen - und das Loch am Marienhof auffüllen.,You can use the slider control to compare the old Munich map with the aerial view from today – and to fill in the hole at the Marienhof.,With the slider you can compare the old Munich map with the aerial picture of today - and fill up the hole at Marienhof.
Bürgerrechtsgruppe veröffentlicht Reisewarnung für Missouri,Civil rights group issues travel warning for Missouri,Civil Rights Group publishes travel warning for Missouri
"Die Nationale Vereinigung zur Förderung von Farbigen hat eine Warnung für farbige Menschen ausgestellt, die aufgrund der diskriminierenden Politik und der rassistischen Angriffe des Staates nach Missouri reisen.",The National Association for the Advancement of Colored People has put out an alert for people of color traveling to Missouri because of the state's discriminatory policies and racist attacks.,The National Federation for the Promotion of Colored People has issued a warning for colored people who travel to Missouri because of the discriminatory policies and racist attacks of the state.
"""Die NAACP Travel Advisory für den Bundesstaat Missouri, die bis zum 28. August 2017 in Kraft treten soll, fordert afro-amerikanische Reisende, Besucher und Missourianer auf, bei Reisen durch den Staat besondere Aufmerksamkeit aufzubringen und äußerste Vorsicht walten zu lassen, da eine Reihe von fragwürdigen, rassenbasierten Vorfällen in letzter Zeit im gesamten Staat vorkommen und hier vermerkt werden"", heißt es in der Stellungnahme der Gruppe.","""The NAACP Travel Advisory for the state of Missouri, effective through August 28th, 2017, calls for African American travelers, visitors and Missourians to pay special attention and exercise extreme caution when traveling throughout the state given the series of questionable, race-based incidents occurring statewide recently, and noted therein,"" the group's statement reads.","""The NAACP Travel Advisory for the State of Missouri, which is due to enter into force by 28 August 2017, calls on African-American travelers, visitors and Missourins to pay special attention to travel through the state and to exercise extreme caution, as a number of questionable, racial-based incidents have recently occurred throughout the state and are noted here,"" says the Group's opinion."
"Ein kürzlich verabschiedetes Gesetz von Missouri, das es Menschen schwerer macht, Diskriminierungsklagen zu gewinnen, sowie die Strafverfolgungsbehörden des Staates, die unverhältnismäßig auf Minderheiten abzielen, veranlassten die Gruppe, die Reisewarnung herauszugeben, sagte die NAACP.","A recent Missouri law making it harder for people to win discrimination lawsuits, as well as the state's law enforcement disproportionately targeting minorities prompted the group to issue the travel alert, the NAACP said.","A recent Missouri law that makes it harder for people to win discrimination lawsuits, as well as the state's law enforcement agencies that aim disproportionately at minorities, prompted the group to issue the travel warning, said NAACP."
"""Sie haben Verletzungen der Bürgerrechte, die Menschen passieren.","""You have violations of civil rights that are happening to people.","""They have violations of civil rights that happen to people."
"Sie werden wegen ihrer Hautfarbe angehalten, sie werden zusammengeschlagen oder getötet"", sagte der Präsident des Missouri NAACP, Rod Chapel, dem Kansas City Star.","They're being pulled over because of their skin color, they're being beaten up or killed,"" the president of the Missouri NAACP, Rod Chapel, told The Kansas City Star.","They are stopped because of their skin color, they are beaten up or killed,"" said the President of the Missouri NAACP, Rod Chapel, the Kansas City Star."
"""Wir hören Beschwerden in einer solchen Häufigkeit, die wir noch nicht gehört haben.""","""We are hearing complaints at a rate we haven't heard before.""","""We hear complaints in such a frequency that we haven't heard yet."""
"Es ist die erste solche Warnung, die die Organisation für einen Staat in den USA ausgestellt hat.",It is the first such warning that the organization has issued for a state in the US.,It is the first such warning issued by the organization for a state in the United States.
"Die Gruppe zitierte Vorfälle wie rassistische Vergehen gegen schwarze Studenten an der University of Missouri und den Tod von Tory Sanders, 28, einem schwarzen Mann aus Tennessee.","The group cited incidents such as racial slurs against black students at the University of Missouri and the death of Tory Sanders, 28, a black man from Tennessee.","The group cited incidents such as racist crimes against black students at the University of Missouri and the death of Tory Sanders, 28, a black man from Tennessee."
"Sanders starb unter fragwürdigen Umständen Anfang des Jahres, nachdem er während der Reise durch den Staat kein Benzin mehr hatte und von der Polizei von Missouri in Gewahrsam genommen wurde, ohne eines Verbrechens beschuldigt zu werden.","Sanders died under questionable circumstances earlier this year after he ran out of gas while traveling through the state, and was taken into custody by Missouri police without being accused of a crime.",Sanders died in dubious circumstances at the beginning of the year after he had no more fuel while traveling through the state and was taken into custody by the Missouri police without being accused of a crime.
"Der Rat weist auch auf einen kürzlich erschienenen Bericht des Büros des Generalstaatsanwaltes von Missouri hin, in dem gezeigt wird, dass schwarze Autofahrer im Staat 75 Prozent häufiger als Weiße angehalten werden.",The advisory also points to a recent report by the Missouri Attorney General's Office showing that black drivers in the state were 75 percent more likely to be pulled over than whites.,"The Council also notes a recent report from the Missouri Attorney General's Office, which shows that black drivers in the state are stopped 75 percent more often than whites."
"""Die Empfehlung ist, dass sich die Menschen bewusst sind und ihre Familien, Freunde und Mitarbeiter darüber informieren, was in Missouri passieren könnte"", sagte Chapel.","""The advisory is for people to be aware, and warn their families and friends and co-workers of what could happen in Missouri,"" Chapel said.","""The recommendation is that people are aware and inform their families, friends and employees about what might happen in Missouri,"" said Chapel."
"""Die Leute müssen bereit sein, ob es Kautionsgeld mitbringen oder die Verwandten wissen lassen, dass sie durch den Staat reisen.""","""People need to be ready, whether it's bringing bail money with them, or letting relatives know they are traveling through the state.""","""People need to be ready to bring bail money or let the relatives know they're traveling through the state."""
"Missouri verzeichnete im Jahr 2015 100 Hassverbrechen, nach den neuesten Zahlen aus dem Hassverbrechens-Berichtsprogramm des FBI, die den Staat in Bezug auf die Anzahl solcher Verletzungen auf den 16. Rang des Landes einstufen.","Missouri recorded 100 hate crimes in 2015, according to the latest figures from the FBI's hate crime reporting program, ranking the state at 16th in the country in terms of the number of such violations.","Missouri recorded 100 hate crimes in 2015, according to the latest figures from the FBI's hate crime reporting program, which ranked the state 16th in terms of the number of such violations."
"Die Reisewarnung ist auch eine Antwort auf ein neues Missouri-Gesetz, das es schwieriger machen würde, ein Unternehmen wegen Wohnungs- oder Beschäftigungs-Diskriminierung zu verklagen.",The travel warning is also a response to a new Missouri law that would make it more difficult to sue a business for housing or employment discrimination.,The travel warning is also a response to a new Missouri law that would make it more difficult to sue a company for housing or employment discrimination.
"Zuvor hatte die American Civil Liberties Union (ACLU) Reisewarnungen für Texas und Arizona herausgegeben, nachdem die Staaten Einwanderungsgesetze verabschiedet hatten, die lokale Strafverfolgungsbehörden dazu verpflichten, Menschen wegen Zuwanderungsverstößen zu verhaften, was nach Ansicht der ACLU zur weiteren Rassenprofilierung beitragen wird.","Previously, the American Civil Liberties Union (ACLU) had issued travel advisories for Texas and Arizona after the states passed immigration enforcement laws requiring local law enforcement to detain people on immigration violations which the ACLU said would increase racial profiling.","Previously, the American Civil Liberties Union (ACLU) issued travel warnings for Texas and Arizona after the states passed immigration laws that oblige local law enforcement agencies to arrest people for immigration violations, which, according to the ACLU, will contribute to further racial profiling."
"Reisewarnungen werden in der Regel vom Außenministerium für andere Länder ausgestellt, aber in letzter Zeit haben Interessengruppen die Maßnahme als Reaktion auf bestimmte Gesetze und Trends innerhalb der USA eingesetzt.","Travel warnings are usually issued by the State Department for other countries, but lately, advocacy groups have resorted to the measure in response to certain laws and trends inside the US.","Travel warnings are usually issued by the Ministry of Foreign Affairs for other countries, but recently, interest groups have used the measure as a response to certain laws and trends within the US."
Weidezaunprojekt ist elementar,Pasture fence project is fundamental,Pasture fence project is elementary
Das Fischerbacher Weidezaun-Projekt ist ein Erfolgsprojekt und wird im kommenden Jahr fortgesetzt.,The Fischerbach pasture fence project is a successful project and will be continued next year.,The Fischerbach Weidezaun project is a successful project and will continue next year.
Die CDU-Bundestagsabgeordneten Peter Weiß und Kordula Kovac haben sich vor Ort ein Bild verschafft.,Members of the Bundestag for the CDU Peter Weiß and Kordula Kovac got a first-hand view.,The CDU MPs Peter Weiß and Kordula Kovac got a picture on site.
Beim Rechtgrabenhof der Familie Schwendemann trafen sich Vertreter des Fischerbacher CDU-Ortsverbands zusammen mit Bürgermeister Thomas Schneider und den beiden Abgeordneten.,"Representatives from the Fischerbach local CDU group met with mayor Thomas Schneider and the two representatives at Rechtgrabenhof farm, belonging to the Schwendemann family.",Representatives of the Fischerbach CDU-Ortsverband met with Mayor Thomas Schneider and the two deputies at the right-graben court of the Schwendemann family.
"Markus Schwendemann gewährte zunächst Einblicke in seinen Betrieb, in dem er 55 Hektar Wiesen und 40 Hektar Wald bewirtschaftet, 40 Milchkühe und ebenso viele Jungtiere versorgt und in fünf Wohnungen Feriengäste beherbergt.","To start with, Markus Schwendemann gave insights into his business, in which he cultivates 55 hectares of pasture and 40 hectares of woodland, keeps 40 milk cows and just as many young stock, and accommodates five apartments of holiday makers.","Markus Schwendemann first provided insights into his company, where he cultivates 55 hectares of meadows and 40 hectares of forest, supplies 40 dairy cows and as many young animals and accommodates holiday guests in five apartments."
"Die ""Schwarzwaldmilch"" ist für ihn der alternativlose Vermarktungsweg für die Milch seiner Kühe, so Schwendemann.","Schwendemann says that, for him, there is no alternative to the ""Black Forest milk"" marketing channel he uses for the milk from his cows.","For him, ""Schwarzwaldmilch"" is the alternative marketing route for the milk of his cows, says Schwendemann."
Auf den Tisch der Feriengäste kommt ausschließlich Regionales.,Only regional produce is served to the holiday-makers.,On the table of the holiday guests comes exclusively regional.
"Da er auch BLHV-Vorsitzender von Fischerbach ist, bezeichnete er das Weidezaunprojekt als ""elementar wichtig"".","Since he is also BLHV chairman for Fischerbach, he described the pasture fence project as ""fundamentally important"".","Since he is also Chairman of the BLHV of Fischerbach, he described the willow fence project as ""elementary important""."
Ich kann auf derart steilen Flächen nicht gewinnbringend wirtschaften.,I can't make a profit on that kind of steep-sloping ground.,I cannot operate profitably on such steep areas.
"Die Grünlandfläche sorge für viel Arbeit, vieles müsse mit der Motorsense bearbeitet werden.","Grassland areas make for a lot of work, a lot has to be done with the string trimmer.","The grassland area ensures a lot of work, much has to be done with the engine sense."
"""Wir haben hier mit den Bedingungen und mit der Topografie zu kämpfen"", betonte Schwendemann.","""We have to grapple with the conditions and with the topography here,"" stressed Schwendemann.","""We have to fight with the conditions here and with the topography,"" Schwendemann emphasized."
"2003 habe er den elterlichen Betrieb übernommen und bewirtschafte diesen ohne chemischen Pflanzenschutz und Dünger, auch wenn er keinen Biobetrieb führe.","In 2003, he took over his parents' business and he manages this without chemical crop protection and fertilisers, even if it's not an organic farm that he's running.","In 2003 he took over the parental holding and managed it without chemical plant protection and fertiliser, even if he did not run a bio-farm."
"Für Bürgermeister Thomas Schneider war klar: ""Die Kommune hat die Bedeutung des Weidezaunprojekts erkannt und ist froh über die Leader-Förderung"".","For Mayor Thomas Schneider, it was clear that ""the community has recognised the importance of the pasture fence project and is happy to have the Leader funding"".","For Mayor Thomas Schneider, it was clear: ""The municipality recognized the importance of the willow fence project and is happy about the Leader funding""."
Bei Kosten von 3000 bis 4000 Euro pro Hektar müssten die Landwirte unterstützt werden.,The farmers need support to the tune of 3000 to 4000 euros per hectare.,Farmers would have to be supported at a cost of between EUR 3000 and EUR 4000 per hectare.
"Man hoffe, dass damit die Aufforstung der Flächen noch eine ganze Weile hinausgezogen werden könnte.","One hopes that with that, afforestation of the area could then be drawn out for a long while.",It is hoped that the afforestation of the areas could be pulled out for quite a while.
"""Der größte Schatz den wir haben, sind die Leute, die in der Landwirtschaft arbeiten und sich Gedanken darum machen, wie sie ihren Betrieb weiter bringen"", betonte der Bürgermeister.","""The biggest asset that we have are the people who work in agriculture and who give thought to how to bring their businesses forward,"" stressed the mayor.","""The greatest treasure we have is the people who work in agriculture and are concerned about how they can continue their operations,"" the mayor stressed."
Die Landwirte stehen wegen der Förderung oft in der Kritik,The farmers are often the target of criticism thanks to the funding.,Farmers are often criticised for their support
Über die Weidezaunförderung wurden im Jahr 2013 insgesamt 25 Parzellen von elf Teilnehmern eingezäunt.,"Using the pasture fence funding, a total of 25 plots from eleven participants were fenced off in 2013.","In 2013, a total of 25 parcels of eleven participants were fenced in via the willow fence."
"Die Offenhaltungsfläche beträgt damit 40 Hektar, die bis mindestens 2023 nicht aufgeforstet werden dürfen.","The areas kept open with these amount to 40 hectares, which may not be afforested until at least 2023.","The open area is therefore 40 hectares, which may not be afforested until at least 2023."
"Von den Gesamtkosten in Höhe von 71 500 Euro wurde die Hälfte über Leader gefördert, ein viertel trug die Gemeinde Fischerbach.","Of the total costs, to the tune of 71,500 euros, half was funded via Leader, and a quarter was borne by the community of Fischerbach.","Of the total cost of €71 500, half was supported by Leader, while a quarter was supported by the municipality of Fischerbach."
"Somit verblieben den Landwirten 12 610 Euro, die sie in 16,2 Kilometer Weidezaun investieren mussten.","The farmers were thus left with 12,610 euros, which they had to invest in the 16.2-kilometre pasture fence.","This left the farmers 12 610 euros, which they had to invest in 16.2 kilometers of pasture fence."
"""Der große Vorteil ist die Langlebigkeit der Zäune"", erklärte Schwendemann.","""The great advantage is the longevity of the fences,"" explained Schwendemann.","""The big advantage is the longevity of the fences,"" Schwendemann explained."
"Kordula Kovac betonte: ""Ihr macht einen richtig guten Job, ohne Landwirte und Landfrauen geht es nicht"".","Kordula Kovac stressed: ""You're doing a really good job. Without farmers we'd not be able to function.""","Kordula Kovac stressed: ""You are doing a really good job, without farmers and rural women it is not possible""."
"Auch für Peter Weiß stand fest: ""Hier werden beste Lebensmittel produziert"".","Peter Weiß is also standing firm: ""First-class foodstuffs are produced here.""","For Peter Weiß, too, it was clear that ""best food is produced here""."
Die Landschaftspflegerichtlinie (LPR) Baden-Württemberg ermöglicht die staatliche Förderung von Weidezäunen.,The Baden-Württemberg directive on countryside conservation (LPR) makes the government funding of pasture fences possible.,The Landscape Maintenance Directive (LPR) Baden-Württemberg enables the state support of pasture fences.
Ziel ist die Offenhaltung des Schwarzwalds.,Its goal is to keep the Black Forest open.,The aim is to keep the Black Forest open.
Voraussetzung ist das Vorhandensein einer von der LPR bezeichneten Förderkulisse.,A prerequisite is the existence of one of the funding scenarios as outlined by the LPR.,Prerequisite is the presence of a supporting backdrop designated by the LPR.
Außerdem darf die einzuzäunende Fläche nicht schlepperbewirtschaftbar sein (Hangneigung über 35 Prozent) und muss damit von der Aufforstung bedroht sein.,"In addition, the fenced-off area is not allowed to be farmable with a tractor (gradient of over 35 per cent) and must therefore be threatened with afforestation.","In addition, the fenced area must not be able to be managed by tractors (over 35 per cent of the area) and must therefore be threatened by afforestation."
"Für das Fischerbacher Weidezaunprojekt 2018 läuft derzeit der Antrag von acht Teilnehmern mit 24 Parzellen, die knapp 16 Kilometer Zaun bauen möchten.","For the 2018 Fischerbach pasture fence project, an application is currently underway from eight participants with 24 plots who would like to build just shy of 16 kilometres of fence.","For the Fischerbach Weidezaun project 2018, the application is currently being submitted by eight participants with 24 plots, who want to build almost 16 kilometres of fence."
"Die Offenhaltungsfläche entspricht 35 Hektar, die kalkulierten Kosten liegen bei mehr als 112 000 Euro.","The areas of land to be kept open equate to 35 hectares; the calculated costs amount to more than 112,000 euros.",The open area is 35 hectares and the calculated costs are more than 112 000 euros.
Ist nichts mehr heilig?,Is nothing sacred?,Is nothing sacred anymore?
Jetzt nimmt sich das Weiße Haus von Trump die Freiheitsstatue vor,Now Trump's White House is targeting the Statue of Liberty,Now the White House of Trump takes the Statue of Liberty
"Das sicherste Zeichen eines Regime-Wechsels ist es, wenn sie beginnen, die Statuen zu attackieren.",The surest mark of regime change is when they start attacking the statues.,The safest sign of a regime change is when they begin to attack the statues.
Die Amerikaner schätzen diese ebenso wie jede andere - daher der sorgsam inszenierte Sturz Saddam Husseins auf dem Firdos Platz in Bagdad im Jahr 2003.,Americans appreciate this as well as anyone - hence the carefully stage-manged toppling of Saddam Hussein in Firdos square in Baghdad in 2003.,The Americans appreciate this as well as any other - hence the carefully staged fall of Saddam Hussein on Firdos Square in Baghdad in 2003.
"Stephen Miller, einer der Schlüssel-Ideologen des Trump-Regimes, wusste sicherlich, was er tat, als er eine symbolische Axt in einem hitzigen Streit mit Jim Acosta von CNN über die Vorschläge des Präsidenten zur drastischen Einschränkung der legalen Einwanderung mit zur Freiheitsstatue nahm.","Stephen Miller, one of the key ideologues of the Trump regime, surely knew what he was doing when he took a symbolic axe to the Statue of Liberty in a heated argument with CNN's Jim Acosta over the president's proposals to drastically limit legal immigration.","Stephen Miller, one of the key ideologists of the Trump regime, certainly knew what he was doing when he took a symbolic axe to the Statue of Liberty in a heated dispute with Jim Acosta of CNN about the President's proposals to drastically restrict legal immigration."
"Um fair zu bleiben, Miller griff nicht die Statue selbst an.","In fairness, Miller did not attack the statue itself.","To be fair, Miller didn't attack the statue himself."
"Eine Horde von Bootsbesitzern und Liberty-Imitatoren hätten ihn gelyncht, wenn er es getan hätte.",A horde of boat-trip owners and Liberty impersonators would have lynched him if he did.,A horde of boat owners and Liberty imitators would have lynched him if he had.
"Aber er griff deren Bedeutung an, und insbesondere die Bedeutung, die ihr zugeschrieben wurde, als das berühmte Gedicht von Emma Lazarus 1903, 17 Jahre nach der Fertigstellung des Denkmals, seiner Basis hinzugefügt wurde.","But he did attack its meaning, and in particular the meaning ascribed to it when Emma Lazarus's famous poem was added to its base in 1903, 17 years after the monument itself was completed.","But he attacked their meaning, and in particular the meaning attributed to them when the famous poem of Emma Lazarus in 1903, 17 years after the completion of the monument, was added to its base."
"Als Miller Acosta beschimpfte: ""Ich will hier nicht auf ein komplettes Ding über Geschichte eingehen, aber die Freiheitsstatue ist ... ein Symbol amerikanischer Freiheit, das die Welt erleuchtet.","As Miller scolded Acosta: ""I don't want to get off into a whole thing about history here, but the Statue of Liberty is ... a symbol of American liberty lighting the world.","When Miller Acosta scolded: ""I don't want to go into a complete thing about history here, but the Statue of Liberty is ... a symbol of American freedom that illuminates the world."
"Das Gedicht, auf das Sie sich beziehen, das später hinzugefügt wurde und nicht Teil der ursprünglichen Freiheitsstatue ist.""","The poem that you're referring to, that was added later and is not part of the original Statue of Liberty.""","The poem to which you refer, which was added later and is not part of the original Statue of Liberty."""
"Miller liegt sachlich richtig, aber wie er es selbst formulierte, geht es nicht wirklich um Geschichte.","Miller is factually correct, but as he put it himself, this is not really about history.","Miller is factually correct, but as he himself put it, it's not really about history."
"Es geht um die zeitgenössische Resonanz auf die aufrüttelnden Worte von Lazarus, die einzigen, in denen ein Staat nicht nur irgendwelche alten Einwanderer einlädt, sondern die Ärmsten der Armen: ""Deine Müden, deine Armen, / deine bedrängten Massen, die sich danach sehnen, frei zu atmen, / den elenden Abfall deiner reichen Küsten.""","It is about the contemporary resonance of Lazarus's startling words, the only ones in which a state has appeared to invite not just any old immigrants, but the poorest of the poor: ""Your tired, your poor, / Your huddled masses yearning to breathe free, / The wretched refuse of your teeming shore.""","It's about the contemporary response to the stirring words of Lazarus, the only one in which a state not only invites any old immigrants, but the poorest of the poor: ""Your tiredness, your poor, / your oppressed masses, who long to breathe freely, / the miserable apostasy of your rich coasts."""
"Es gab nie eine Zeit, in der der ""elende Abfall"" auf unseren Bildschirmen besser zu sehen war.","There has never been a time when the ""wretched refuse"" has been more visible on our screens.","There was never a time when the ""poor waste"" was better seen on our screens."
"Miller engagierte sich nicht in literarischer Kritik - er machte deutlich, dass diese Leute in Trumps USA nicht willkommen sind.",Miller was not engaging in literary criticism - he was making it clear that these people are not welcome in Trump's USA.,Miller did not engage in literary criticism - he made it clear that these people are not welcome in Trump's USA.
Dieser Konflikt wegen der Bedeutung einer Statue ist Teil einer breiteren politischen und kulturellen Auseinandersetzung: Es ist in der Tat ein Konflikt um die Bedeutung Amerikas.,This conflict about the meaning of a statue is part of a wider political and cultural war: it is really a conflict about the meaning of America.,This conflict because of the importance of a statue is part of a broader political and cultural debate: it is indeed a conflict about the importance of America.
"Lazarus - und ihre Freunde, die sich dafür einsetzten, ihre Worte nach ihrem Tod an der Basis zu platzieren - wussten sehr gut, dass sie eine hochpolitische Handlung vollzogen.",Lazarus - and her friends who campaigned to place her words at the base after her death - knew very well that they were engaging in a highly political act.,"Lazarus - and her friends, who stood up to place their words at the base after her death - knew very well that they were carrying out a highly political act."
"Die Skulptur sollte die Verbindungen zwischen französischem und amerikanischem Republikanismus zeigen, indem sie in einer abgenutzten klassischen bildlichen Darstellung die weibliche Verkörperung der Freiheit darstellte.","The sculpture was intended to mark the connections between French and American republicanism by representing in a well-worn classical trope, the female embodiment of Liberty.",The sculpture was intended to show the connections between French and American republicanism by depicting in a worn out classical pictorial representation the feminine embodiment of freedom.
Lazarus veränderte diese Bedeutung: In ihrem Gedicht ist die weibliche Figur nicht mehr abstrakt - sie hat eine Stimme erhalten.,Lazarus changed that meaning: in her poem the female figure is no longer abstract - she has a voice.,"Lazarus changed this meaning: In her poem, the female figure is no longer abstract - she has received a voice."
Und sie gibt sich selbst einen ganz anderen Namen: Mutter der Exilanten.,And she gives herself a very different name: Mother of Exiles.,And she gives herself a completely different name: Mother of the exiles.
Die Verbindung des Gedichts mit dem Bild ist ein brillanter feministischer Coup und ein verheerender Angriff auf den amerikanischen Nativismus.,The marrying of the poem to the image is a brilliant feminist coup and a devastating attack on American nativism.,The connection of the poem with the image is a brilliant feminist coup and a devastating attack on American nativism.
"Und genau wie Lazarus die Bedeutung der Statue änderte, wollten die Leute vom rechten Flügel dies schon lange zurückwechseln.","And just as Lazarus changed the meaning of the statue, rightwingers have long wanted to change it back.","And just as Lazarus changed the meaning of the statue, the people from the right wing wanted to change this back a long time."
"Der große Schreihals Rush Limbaugh, eine Art Johannes des Täufers für das Kommen von Trump, argumentierte 2010, dass die Freiheitsstatue niemanden einlade, sondern eher eine frühe Neokonservative sei, die die amerikanische Flamme in die umnachtete Welt bringe: ""Lady Liberty geht voran.","The great loudmouth Rush Limbaugh, a kind of John the Baptist for the coming of Trump, argued in 2010 that Liberty is not inviting anyone in, but is rather an early neocon, taking the American flame out to the benighted world: ""Lady Liberty is stepping forward.","The great screamer Rush Limbaugh, a kind of John the Baptist for Trump's coming, argued in 2010 that the Statue of Liberty is not inviting anyone, but rather an early neoconservative that brings the American flame to the dead world: ""Lady Liberty is progressing."
Sie soll die Fackel der Freiheit von den Vereinigten Staaten in den Rest der Welt tragen.,She is meant to be carrying the torch of liberty from the United States to the rest of the world.,It is said to carry the torch of freedom from the United States to the rest of the world.
"Die Fackel soll nicht den Weg in die Vereinigten Staaten erleuchten.""","The torch is not to light the way to the United States.""","The torch should not illuminate the way to the United States."""
Ziemlich ungewöhnlich ist Limbaugh hier auf etwas gestoßen.,"Rather unusually, Limbaugh actually hit on something.","Quite unusually, Limbagh has come across something here."
Die Bedeutung der Statue ist ganz und gar eine Frage des Standpunktes der Wahrnehmung.,The meaning of the statue is entirely a matter of the angle of perception.,The meaning of the statue is quite a question of perception's point of view.
"Die große phantasievolle Tat von Lazarus bestand darin, sie so zu sehen, wie sie von den erschöpften, elenden, aber hoffnungsvollen Menschen nach langen und oft schrecklichen Reisen auf den Decks von Schiffen gesehen wurde.","Lazarus's great imaginative act was to see it as it would be seen by exhausted, wretched but hopeful people on the decks of ships after long and often dreadful journeys.","The great imaginative deed of Lazarus was to see it as seen by the exhausted, wretched, but hopeful people after long and often terrible voyages on the decks of ships."
"Es geht im wahrsten Sinne darum, die Welt aus der Perspektive von Menschen zu sehen, die Zuflucht suchen und eine Chance, ihr Leben zu verbessern.",It is literally about seeing the world from the perspective of people seeking refuge and a chance to better their lives.,"In the truest sense, it is about seeing the world from the perspective of people who seek refuge and a chance to improve their lives."
"Ihre Statue spricht zu ihnen die Worte der Hoffnung und des Willkommens, die sie hören müssen.",Her statue speaks back to them the words of hope and welcome they need to hear.,Their statue speaks to them the words of hope and welcome that they must hear.
"Und das ist natürlich nicht die Perspektive, die Miller und Trump jemals anerkennen möchten.","And of course, this is not the perspective Miller and Trump want ever to recognise.","And that's not, of course, the perspective that Miller and Trump ever want to acknowledge."
"Ihre Fackel soll nicht den Weg erleuchten, sondern den Hass, der ihre einzige Quelle der Macht ist, entzünden.","Their torch is meant not to light the way, but to inflame the hatreds that are their only source of power.","Their torch should not illuminate the way, but ignite the hatred that is their only source of power."
Weltmeisterschaft 2017: Neil Black lobt schottische Mitglieder des Teams von Großbritannien,World Championships 2017: Neil Black praises Scottish members of Team GB,2017 World Cup: Neil Black praises Scottish members of the UK team
"Eilidh Doyle erinnert sich an eine Zeit, als nur zwei Schotten zum Team von Großbritannien gehörten",Eilidh Doyle recalls a time when only two Scots made the GB team,Eilidh Doyle remembers a time when only two Scotsmen were part of the UK team
"Der Leistungsdirektor der Leichtathletik des Vereinigten Königreichs, Neil Black, sagt, dass das 16-köpfige schottische Kontingent im Weltmeisterschaftskader ""einen massiven Beitrag zum Team leisten wird"".","UK Athletics' performance director Neil Black says the 16-strong Scottish contingent in the World Championships squad will make ""a massive contribution to the team.""","The UK Athletics Performance Director, Neil Black, says that the 16-member Scottish contingent in the World Championship squad ""will make a massive contribution to the team""."
"Eine Rekordzahl von schottischen Athleten wurde für London 2017 ausgewählt, das am Freitag startet.","A record number of Scottish athletes have been selected for London 2017, which starts on Friday.","A record number of Scottish athletes was selected for London 2017, which will start on Friday."
"Black glaubt, dass ""sich in Schottland etwas Spezielles entwickelt"" und die Leichtathletik des Vereinigten Königreichs etwas daraus lernen muss.","Black believes ""there's something special evolving"" in Scotland and UK athletics must learn from that.","Black believes that ""something special is developing in Scotland"" and the UK's athletics needs to learn something from it."
"""Wir begrüßen es, und wir versuchen es zu verstehen, und wir werden es weiterführen, bis wir es herausfinden,"" sagte Black.","""We embrace it and we're trying to understand it and we'll push on that until we work it out,"" Black said.","""We welcome it, and we're trying to understand it, and we're going to continue until we figure it out,"" Black said."
"""Ich spreche mit Leuten im Scottish Institute of Sport und sie denken, dass es etwas mit dem zu tun hat, was sie getan haben.","""I speak to people in the Scottish Institute of Sport and they think it's something to do with what they've done.","""I'm talking to people at the Scottish Institute of Sports and they think it has something to do with what they've done."
"Die schottischen Athleten denken, dass es etwas mit dem zu tun hat, was sie getan haben.",Scottish Athletics think it's something to do with what they've done.,The Scottish athletes think it has something to do with what they've done.
"Britische Leichtathletik: Es hat etwas mit dem zu tun, was sie getan haben.",British athletics: it's something to do with what they've done.,British Athletics: It has something to do with what they have done.
Und auch mit dem Typ an der Straßenecke.,"And the guy on the corner street, too.",And with the guy at the street corner.
"Was auch immer die Kombination der Umstände ist, es ist absolut brillant.""","Whatever the combination of circumstances, it's absolutely brilliant.""","Whatever the combination of circumstances is, it is absolutely brilliant."""
"Mehrere der schottischen Athleten sind Medaillen-Anwärter, darunter Laura Muir und Andrew Butchart - die gegen Sir Mo Farah auf der 5.000 m Strecke antreten werden, während Eilidh Doyle von der Mannschaft zum Teamkapitän gewählt wurde.","Several of the Scottish athletes are medal contenders, including Laura Muir and Andrew Butchart - who will race against Sir Mo Farah in the 5,000m, while Eilidh Doyle was voted by the squad to be team captain.","Several of the Scottish athletes are medal candidates, including Laura Muir and Andrew Butchart - who will compete against Sir Mo Farah on the 5,000 m course, while Eilidh Doyle was elected team captain by the team."
"""Eilidh ist ziemlich bescheiden.","""Eilidh is slightly modest.","""Eilidh is quite modest."
"Ihre Kapitäns-Rede war unglaublich"", sagt Black.","Her captain's speech was incredible,"" says Black.","Her captain's speech was incredible,"" says Black."
"""Eine Reihe von Athleten, egal ob sie schottisch waren oder wo auch immer sie leben oder trainieren, gingen aus dem Raum und fühlten sich sehr stolz und waren sehr motiviert.","""A number of athletes, whether they were Scottish or wherever they live or train, walked out of that room feeling hugely proud and really motivated.","""A number of athletes, regardless of whether they were Scottish or wherever they live or train, left the room and felt very proud and very motivated."
"Die Leidenschaft und das echte Gefühl, das Eilidh ganz natürlich einbrachte, waren großartig.""","The passion and real feeling that Eilidh naturally put into it were great.""","The passion and the real feeling that Eilidh brought naturally was great."""
"Die Commonwealth-Silbermedaillengewinnerin, die bei ihren fünften Weltmeisterschaften bei den 400-m-Hürden antreten wird, sagt, dass es ""unglaublich"" ist, dass 16 Schotten in der britischen Mannschaft sind.","The Commonwealth silver medallist, who will compete in the 400m hurdles at her fifth World Championships, says it's ""incredible"" 16 Scots are in the British team.","The Commonwealth silver medalist, who will compete in the 400m hurdles at her fifth World Championships, says that it is ""unbelievable"" that 16 Scots are in the British team."
"Schottlands bisher beste Gesamtzahl an Athleten bei der Weltmeisterschaft war sieben, die 1983 und 2015 erreicht wurden.","Scotland's previous best total of athletes at the worlds was seven, achieved in 1983 and 2015.",Scotland's best total of athletes in the world championship so far was seven that were achieved in 1983 and 2015.
Der Mittelstreckenläufer Muir führt auf diesem Weg und hat im vergangenen Jahr fünf britische und zwei europäische Rekorde aufgestellt.,"Middle-distance runner Muir is leading the way, having set five British and two European records in the past year.",The medium-range runner Muir leads this way and has set five British and two European records last year.
Sie wird an den 1.500 m und den 5.000 m Läufen teilnehmen.,"She will go in the 1500m and the 5,000m.","She will participate in the 1,500 m and the 5,000 m runs."
"Chris O'Hare, der 1.500 m läuft, ist ein weiterer Schotte, den man nach einer großartigen Saison, die den Sieg bei den British Team Trials und den Anniversary Games beinhaltete, beobachten sollte.","Chris O'Hare, who runs in the 1500m, is another Scot to watch, following a great season that included victory at the British Team trials and the Anniversary Games.","Chris O'Hare, who runs 1,500 m, is another Scotsman to watch after a great season that included winning the British Team Trials and the Anniversary Games."
"Doyle erinnert sich an ihre ersten Weltmeisterschaften, als der einzige andere Schotte im Team Lee McConnell war.","Doyle remembers her first world championships, when the only other Scot in the team was Lee McConnell.",Doyle remembers her first World Championships when the only other Scotsman in the team was Lee McConnell.
"Die Mannschafts-Kapitänin sagt, dass sie ""enorm stolz"" auf die Tatsache ist, dass viele ihrer Landsleute nicht nur zum Team gehören, sondern in manchen Fällen auch bei den Medaillen und bei den Finals mitmischen werden.","The team captain says she's ""hugely proud"" of the fact so many of her compatriots have not only made the team, but, in some cases, will be challenging for medals and competing to make finals.","The team captain says that she is ""extremely proud"" of the fact that many of her compatriots will not only be part of the team, but in some cases also participate in the medals and the finals."
"""Das Besondere daran Team-Kapitänin zu sein, liegt darin, dass sie von den anderen Mitgliedern des Teams gewählt wurde, so dass es sowieso eine große Ehre war, aber zu wissen, dass meine Teamkollegen für mich gestimmt haben und mich gewählt haben, macht es zu etwas ganz Besonderem für mich"", fügte sie hinzu.","""The special thing about being team captain is that it was voted for by the other members of the team, so that it was such a huge honour anyway but to know that your teammates have voted for you and chosen you made it extra-special for me,"" she added.","""The special thing about being a team captain is that she was elected by the other members of the team, so it was a great honor anyway, but knowing that my teammates voted for me and elected me makes it a very special thing for me,"" she added."
"""Offensichtlich bin ich sehr stolz auf all die Schotten, die zum Team gehören.","""Obviously, I'm very proud of all the Scots who've made the team.","""Obviously, I am very proud of all the Scots who belong to the team."
"Es zeigt nur, wie weit wir gekommen sind.",It just shows how far we've come.,It just shows how far we've come.
"Und sie sind hier als etablierte Athleten, Athleten, die auf Podien steigen wollen.","And they're here as well-established athletes, athletes that are going to be looking to get on podiums.","And they're here as established athletes, athletes who want to climb Podien."
Was meine Rede als Kapitänin betrifft?,As for my captain's speech?,What about my speech as captain?
"Ja, ich denke, sie ging gut.","Yeah, I think it went well.","Yeah, I think she was fine."
"Ich habe nur darauf hingewiesen, dass wir in dieser Situation sehr glücklich sind, da wir eine Heim-Weltmeisterschaft haben.",I just drew on the fact that we're very lucky in this situation in that we've got a home World Championships.,I just pointed out that we are very happy in this situation because we have a home world championship.
"Es ist also wirklich wichtig, auf diese Heimunterstützung zu setzen und davon zu profitieren, dass wir wieder im Olympiastadion sind.",So it's really just the importance of drawing on that home support and thriving on the fact that we're back at the Olympic Stadium.,So it is really important to rely on this home support and to benefit from being back in the Olympic Stadium.
"Ich bekomme eine zweite Chance, dort hinauszugehen und zu konkurrieren und es wird einfach so eine tolle Atmosphäre da draußen sein.""","I'm getting a second chance to go out there and compete and it's just going to be such an amazing atmosphere out there.""","I get a second chance to go out there and compete and it'll just be such a great atmosphere out there."""
"Blockieren von Kritikern über Facebook: Bewirb dich nicht um ein öffentliches Amt, wenn du das Einheizen von Wählern nicht vertragen kannst","Blocking critics from Facebook: Don't run for public office, if you can't take heat from voters",Blocking Critics on Facebook: Do Not Apply for a Public Office If You Can't Accept the Heating of Voters
Der Vater unseres Landes wusste etwas von schlechter Presse.,The father of our country knew something about bad press.,The father of our country knew something about bad press.
"Die Amerikaner liebten George Washington, aber es dauerte nicht lange, bis die Zeitungen ihn wegen allem schlugen, von der Innenpolitik bis zu seinen politischen Prinzipien.","Americans loved George Washington, but it didn't take long for newspapers to start slamming him on everything from domestic policy to his political principles.","The Americans loved George Washington, but it didn't take long for the newspapers to beat him for everything, from domestic politics to his political principles."
"Er schimpfte bei der Kritik, sicher.","He chafed at the criticism, sure.","He scolded at the criticism, sure."
Aber er hat seine Kritiker nicht zum Schweigen gebracht.,But he did not silence his critics.,But he didn't silence his critics.
"Denn im Jahr 1783 sagte Washington: ""Die Redefreiheit kann weggenommen werden - und, dumm und stumm werden wir wie die Schafe zum Schlachten geführt.""","Because back in 1783, Washington said, ""the freedom of Speech may be taken away - and, dumb & silent we may be led, like sheep, to the Slaughter.""","Because in 1783 Washington said, ""Free speech can be taken away - and, stupid and mute, we are led to slaughter like the sheep."""
"Das bringt mich nach Maryland zu Gouverneur Larry Hogan, der daran arbeiten muss, mehr wie Washington zu sein.","That brings me to Maryland Gov. Larry Hogan, who needs to work on being more like Washington.","This brings me to Maryland to Governor Larry Hogan, who has to work on being more like Washington."
"Hogans Mitarbeiter haben die Beiträge von mindestens 450 Personen blockiert und gelöscht, die ihre Meinung auf seiner offiziellen Facebook-Seite geäußert haben.",Hogan's staff has blocked and deleted the posts of at least 450 people who voiced their opinions on his official Facebook page.,Hogan's employees have blocked and deleted the posts of at least 450 people who have expressed their opinion on his official Facebook page.
Und die American Civil Liberties Union verklagte ihn deswegen Anfang dieser Woche.,And the American Civil Liberties Union sued him for that earlier this week.,And the American Civil Liberties Union sued him for this earlier this week.
"Der Stab des Gouverneurs entließ die Klage als frivol, und der Online-Kommentar war voll von einer Gegenreaktion mit ""Na, und?"" .","The governor's staff dismissed the lawsuit as frivolous, and the online commentary was rich with a ""who cares?"" backlash.","The governor's staff dismissed the lawsuit as frivolous, and the online comment was full of a counter-reaction with ""Well, and?"" ."
"""Es ist nur Facebook"", sagten viele Leute.","""It's only Facebook,"" plenty of folks said.","""It's just Facebook,"" many people said."
Aber es ist wichtig.,But it matters.,But it's important.
"Und es ist besonders wichtig, wenn es ein Typ wie Hogan ist.",And it especially matters when it's a guy like Hogan.,And it's especially important if it's a guy like Hogan.
"Dies ist ein republikanischer Gouverneur in einem überwältigend demokratischen Staat, der erstaunlich beliebt ist.",This is a Republican governor in an overwhelmingly Democratic state who is astonishingly popular.,This is a Republican governor in an overwhelmingly democratic state that is amazingly popular.
Er hat die zweithöchste Zustimmung der 50 Gouverneure der Nation.,He has the second-highest approval rating of the nation's 50 governors.,He has the second highest approval of the 50 governors of the nation.
Hogan ist kein reaktionärer Hitzkopf.,Hogan is not a reactionary hothead.,Hogan is not a reactionary Hitzkopf.
Er hat eine feste Hand bei der Führung seines Staates und strenge Einhaltung der Prinzipien gezeigt.,He's shown a steady hand in leading his state and a stern adherence to principles.,He has shown a firm hand in the leadership of his state and strict adherence to the principles.
"Er war auch sehr geschickt darin, Facebook als primäres Mittel zu nutzen, um sich mit seinen Wählern zu verbinden und spielend seinen haarlosen Kopf nach Chemotherapie auf seiner Seite zu debütieren.","He's also been pretty deft at using Facebook as a primary means to connect with his constituents, playfully debuting his hairless head after chemo treatments on his page.",He was also very skilled in using Facebook as a primary means of connecting with his voters and playing his hairless head after chemotherapy on his side.
"Daher ist die Blockierung von Personen, die auf die Seite des Gouverneurs kommen - die ein öffentliches Forum ist, das als offiziell bezeichnet wird und von Mitarbeitern, die mit öffentlichen Steuer-Dollars bezahlt werden - unnötig und letztendlich gefährlich.","So blocking people who come to the governor's page - which is a public forum, labeled as official and administered by staff members paid public tax dollars - is unnecessary and ultimately dangerous.","Therefore, the blocking of people who come to the governor's side - which is a public forum called official and by employees who are paid with public tax dollars - is unnecessary and ultimately dangerous."
"In einem Interview mit The Washington Post verteidigte Hogans Sprecherin Amelia Chasse die Handlungen des Gouverneurs und argumentierte, dass die Blockierung der Kommentare nichts weiter als eine Moderation sei.","In an interview with The Washington Post, Hogan spokeswoman Amelia Chasse defended the governor's actions, arguing that blocking the comments was nothing more than moderating them.","In an interview with The Washington Post, Hogan's spokesman Amelia Chasse defended the governor's actions and argued that blocking the comments was nothing more than a moderation."
"Aber es ist zu einfach, das Bild von Trollen oder Spammern oder hasserfüllten Leuten zu benutzen, die online die Peitsche schwingen.",But it's too easy to use the image of trolls or spammers or hateful folks lashing out online.,But it's too easy to use the image of trolls or spammers or hateful people swinging the whip online.
"Die Post sprach mit einigen der wirklichen Leute, die von Hogan blockiert wurden.",The Post talked to some of the real people blocked by Hogan.,The mail spoke to some of the real people who were blocked by Hogan.
"Und das sind nur echte Menschen, die mit ihren gewählten Führern sprechen: ein Lehrer, ein Unternehmer und ein Pfarrer, keine Trolle.","And they're just that - real people talking to their elected leaders: a teacher, a business owner and a pastor, not trolls.","And these are only real people who speak to their elected leaders: a teacher, an entrepreneur and a pastor, not trolls."
"Sie alle sagten, dass ihre Kommentare respektvoll, nachdenklich und nicht profan waren.","They all said that their comments were respectful, thoughtful and not profane.","They all said that their comments were respectful, thoughtful and not profane."
Der Pfarrer zitierte die Bibel in seinem Post und appellierte an Hogans katholischen Glauben.,"The pastor quoted the Bible in his post, appealing to Hogan's Catholic faith.",The priest quoted the Bible in his post and appealed to Hogan's Catholic faith.
"Rechtsanwältin Lakshmi Sarma Ramani von Bowie, Md., war nicht hasserfüllt, aber sie fragte nach Hassverbrechen.","Attorney Lakshmi Sarma Ramani of Bowie, Md., wasn't hateful, but she asked about hate crimes.","Lawyer Lakshmi Sarma Ramani von Bowie, Ms., was not hateful, but she asked about hate crimes."
"""Ich kommentierte höflich, dass ich enttäuscht war, dass es keine Reaktion auf Hassverbrechen und andere aktuelle Nachrichten gab"", schrieb sie im Kommentarbereich der Nachrichtensendung ""The Post"".","""I politely commented that I was disappointed in his lack of response to hate crimes and other recent news items,"" she wrote in the comment section of The Post's news story.","""I politely commented that I was disappointed that there was no response to hate crimes and other news,"" she wrote in the comment section of the news broadcast ""The Post""."
"""Ich schätze diese Idee auch nicht, wenn eine Anzahl von Leuten zum selben Thema Stellung nimmt, dann werden sie von manchen eher als ein so genannter kollektiver Einsatz missachtet und nicht als eine große Gruppe von betroffenen Bürgern anerkannt"".","""I also do not appreciate that idea that when a number of people comment on the same topic, they are immediately disregarded by some as a so-called collective effort, rather than recognized as a large group of concerned citizens.""","""I don't appreciate this idea either, when a number of people comment on the same subject, they are more likely to be disregarded by some as a so-called collective effort and not recognized as a large group of affected citizens."""
"Was die Mitarbeiter des Gouverneurs als ""konzentrierten Spam-Angriff"" bezeichneten, würden andere wahrscheinlich ""Fürsprache"" nennen.","What the governor's staff called a ""concentrated spam attack"" others would probably call ""advocacy.""","What the governor's staff called a ""concentrated spam attack"" would probably be called ""intercession."""
"Die Facebook-Ära macht es einfach, eine Nachricht zuzuschneiden, indem man einfach einen Kritiker blockiert oder ein negativer Kommentar gelöscht wird.",The Facebook era makes it easy to tailor a message by simply blocking a critic or deleting a negative comment.,The Facebook era makes it easy to cut a message by simply blocking a critic or deleting a negative comment.
"Es ist viel sauberer als in früherer Zeit, wenn man das gleiche getan hätte, dass Mitarbeiter entsandt wurden, um Zeitungen mit kritischen Leitartikeln zu sammeln und zu verbrennen oder Demonstranten zu verhaften und zum Schweigen zu bringen.","It's a lot cleaner than the old days, when doing the same would have required sending staff out to collect and burn newspapers with critical editorials or arresting and silencing protesters.",It's much cleaner than in the past if you'd done the same thing that employees were sent to collect and burn newspapers with critical editorials or arrest demonstrators and silence them.
Aber genau das passiert gerade digital.,"But that's exactly what's happening, only digitally.",But that's exactly what's happening digitally.
"Hogan ist nicht der erste öffentliche Beamte, der dafür kritisiert wird, dass er Facebook und andere soziale Medien beschimpft hat.",Hogan isn't the first public official to be criticized for defanging Facebook and other social media.,Hogan is not the first public official to be criticised for insulting Facebook and other social media.
"Präsident Trump wird von Twitter-Nutzern verklagt, die von seinem Twitter-Feed blockiert wurden.",President Trump is being sued by Twitter users who were blocked from his Twitter feed.,President Trump is sued by Twitter users who have been blocked by his Twitter feed.
Einer der ersten Meilensteine in dieser Frage fiel letzte Woche in Virginia.,One of the first landmark rulings on this issue came down last week in Virginia.,One of the first milestones on this issue fell last week in Virginia.
"Der Vorsitzende des Board of Supervisors des Loudoun County verletzte das First Amendment, laut US-Bezirksrichter James C. Cacheris in Alexandria, als sie einen Wähler von ihrer Facebook-Seite verbannte.","The chair of the Loudoun County Board of Supervisors violated the First Amendment, according to U.S. District Judge James C. Cacheris in Alexandria, when she banned a constituent from her Facebook page.","The chairman of the Board of Supervisors of Loudoun County violated the First Amendment, according to US district judge James C. Cacheris in Alexandria, when she banished a voter from her Facebook page."
Und in Kentucky erhielt Gouverneur Matt Bevin (R) auch einen Besuch von der ACLU wegen seiner Verwendung von Facebook und Twitter.,"And in Kentucky, Gov. Matt Bevin (R) also got a visit from the ACLU over his use of Facebook and Twitter.","And in Kentucky, Governor Matt Bevin (R) also received a visit from ACLU because of his use of Facebook and Twitter."
Das sollte nicht so schwer sein.,This shouldn't be so hard.,It shouldn't be that hard.
Zur Zeit Washingtons hatte die Zeit des erschwinglichen Portos eine ähnliche Wirkung wie das Internet.,"In Washington's time, the era of affordable postage had an impact much like the Internet.","At the time of Washington, the time of affordable postage had a similar effect to the Internet."
"Die Anzahl der Zeitungen vervielfachte sich zwischen 1776 und 1800, und anonyme Briefschreiber schlugen auf seine Führung ein.","The number of newspapers quadrupled between 1776 and 1800, and anonymous letter writers hammered his leadership.","The number of newspapers multiplied between 1776 and 1800, and anonymous pens beat his lead."
Und selbst damals hatte Washington anonyme Trolle.,"And even back then, Washington had anonymous trolls.","And even then, Washington had anonymous trolls."
